Trade ID,Timestamp,Ticker,Trade Type,Shares Traded,Price per Share,Trade Value,Balance
2,2023-03-16 15:13:00,JNJ,Sell,57,759.033,43264.88,"$10,000.00"
6,2023-06-06 18:52:00,META,Sell,443,1142.505,506129.72,"$10,000.00"
9,2023-09-21 08:01:00,V,Sell,126,2455.587,309403.96,"$10,000.00"
14,2023-06-09 22:03:00,META,Sell,430,188.226,80937.18,"$10,000.00"
24,2023-03-23 05:30:00,TSLA,Sell,379,2770.11,1049871.69,"$10,000.00"
30,2023-02-27 08:22:00,MSFT,Sell,399,1720.0800000000002,686311.92,"$10,000.00"
54,2023-06-29 06:55:00,V,Sell,346,1876.041,649110.19,"$10,000.00"
83,2023-05-19 09:52:00,TSLA,Sell,483,2557.926,1235478.26,"$10,000.00"
93,2023-08-15 00:58:00,AMZN,Sell,135,3100.842,418613.67,"$10,000.00"
112,2023-01-20 15:16:00,BRK.B,Sell,339,1401.552,475126.13,"$10,000.00"
115,2023-11-03 23:22:00,TSLA,Sell,286,249.38099999999997,71322.97,"$10,000.00"
120,2023-03-25 09:36:00,GOOGL,Sell,169,1851.939,312977.69,"$10,000.00"
121,2023-10-01 06:57:00,BRK.B,Sell,363,2631.5460000000003,955251.2,"$10,000.00"
124,2023-09-27 20:11:00,MSFT,Sell,225,2606.337,586425.82,"$10,000.00"
135,2023-12-13 16:19:00,JPM,Sell,123,1327.4640000000002,163278.07,"$10,000.00"
145,2023-12-15 14:08:00,JPM,Sell,491,2726.8740000000003,1338895.13,"$10,000.00"
186,2023-08-30 18:01:00,MSFT,Sell,476,1488.204,708385.1,"$10,000.00"
198,2023-12-05 18:53:00,TSLA,Sell,493,1147.428,565682.0,"$10,000.00"
206,2023-04-10 14:23:00,MSFT,Sell,413,1438.92,594273.96,"$10,000.00"
230,2023-07-02 12:29:00,GOOGL,Sell,17,1186.218,20165.71,"$10,000.00"
232,2023-04-03 07:15:00,BRK.B,Sell,239,2470.7340000000004,590505.43,"$10,000.00"
234,2023-08-08 15:22:00,JPM,Sell,255,2682.7380000000003,684098.19,"$10,000.00"
242,2023-12-12 08:25:00,MSFT,Sell,59,2368.44,139737.96,"$10,000.00"
251,2023-09-05 10:51:00,META,Buy,13,716.78,9318.14,$681.86
252,2023-10-19 20:12:00,MSFT,Sell,281,748.3050000000001,210273.71,$681.86
253,2023-11-02 17:06:00,META,Sell,13,3300.79,42910.27,"$43,592.13"
254,2023-11-02 17:06:00,JPM,Sell,13,3300.79,42910.27,"$43,592.13"
260,2023-04-10 22:21:00,TSLA,Sell,392,1407.807,551860.34,"$43,592.13"
262,2023-09-15 21:31:00,MSFT,Sell,19,1496.844,28440.04,"$43,592.13"
268,2023-09-05 05:25:00,AMZN,Sell,334,438.921,146599.61,"$43,592.13"
270,2023-04-18 13:04:00,AMZN,Buy,62,597.91,37070.42,"$6,521.71"
271,2023-04-22 07:35:00,AMZN,Sell,62,2016.7,125035.4,"$131,557.11"
272,2023-04-22 07:35:00,MSFT,Sell,62,2016.7,125035.4,"$131,557.11"
273,2023-08-19 04:55:00,GOOGL,Buy,235,332.17,78059.95,"$53,497.16"
274,2023-08-09 12:10:00,GOOGL,Sell,235,1636.51,384579.85,"$438,077.01"
275,2023-08-09 12:10:00,TSLA,Sell,235,1636.51,384579.85,"$438,077.01"
280,2023-03-03 09:45:00,JNJ,Buy,340,686.7,233478.0,"$204,599.01"
281,2023-11-15 18:22:00,JNJ,Sell,340,639.74,217511.6,"$422,110.61"
282,2023-11-15 18:22:00,JPM,Sell,340,639.74,217511.6,"$422,110.61"
283,2023-02-08 03:09:00,META,Buy,43,1220.95,52500.85,"$369,609.76"
284,2023-10-09 11:41:00,TSLA,Buy,139,2560.69,355935.91,"$13,673.85"
285,2023-04-20 11:57:00,TSLA,Sell,139,580.86,80739.54,"$94,413.39"
286,2023-04-20 11:57:00,META,Sell,139,580.86,80739.54,"$94,413.39"
286,2023-10-13 09:57:00,META,Sell,43,388.04,16685.72,"$111,099.11"
287,2023-10-13 09:57:00,GOOGL,Sell,43,388.04,16685.72,"$111,099.11"
290,2023-06-14 23:07:00,GOOGL,Buy,89,362.36,32250.04,"$78,849.07"
291,2023-03-15 15:33:00,GOOGL,Sell,89,2350.56,209199.84,"$288,048.91"
292,2023-03-15 15:33:00,JNJ,Sell,89,2350.56,209199.84,"$288,048.91"
292,2023-04-06 10:14:00,V,Buy,202,624.46,126140.92,"$161,907.99"
293,2023-05-01 13:00:00,JPM,Buy,32,1496.92,47901.44,"$114,006.55"
294,2023-11-20 10:56:00,JPM,Sell,32,3383.03,108256.96,"$222,263.51"
295,2023-11-20 10:56:00,V,Sell,202,2766.86,558905.72,"$781,169.23"
296,2023-11-20 10:56:00,V,Sell,202,2766.86,558905.72,"$781,169.23"
296,2023-12-03 04:26:00,TSLA,Buy,408,1398.37,570534.96,"$210,634.27"
297,2023-04-29 00:10:00,AMZN,Sell,256,2764.8,707788.8,"$210,634.27"
298,2023-03-16 16:53:00,TSLA,Sell,408,385.18,157153.44,"$367,787.71"
299,2023-03-16 16:53:00,JNJ,Sell,408,385.18,157153.44,"$367,787.71"
299,2023-11-24 04:25:00,JNJ,Sell,476,769.437,366252.01,"$367,787.71"
300,2023-11-25 12:01:00,META,Sell,267,1234.323,329564.24,"$367,787.71"
301,2023-10-09 04:44:00,MSFT,Buy,201,863.43,173549.43,"$194,238.28"
302,2023-03-14 03:36:00,MSFT,Sell,201,230.23,46276.23,"$240,514.51"
303,2023-03-14 03:36:00,META,Sell,201,230.23,46276.23,"$240,514.51"
304,2023-01-04 19:46:00,MSFT,Buy,19,970.14,18432.66,"$222,081.85"
305,2023-11-05 04:54:00,MSFT,Sell,224,2045.1960000000001,458123.9,"$222,081.85"
306,2023-11-29 20:38:00,MSFT,Buy,66,2944.74,194352.84,"$27,729.01"
307,2023-06-26 04:10:00,MSFT,Sell,85,2190.35,186179.75,"$213,908.76"
308,2023-06-26 04:10:00,GOOGL,Sell,85,2190.35,186179.75,"$213,908.76"
311,2023-09-29 19:55:00,TSLA,Buy,392,155.22,60846.24,"$153,062.52"
312,2023-09-09 01:51:00,TSLA,Sell,392,2672.71,1047702.32,"$1,200,764.84"
313,2023-09-09 01:51:00,AMZN,Sell,392,2672.71,1047702.32,"$1,200,764.84"
313,2023-04-08 03:30:00,AAPL,Buy,190,1956.45,371725.5,"$829,039.34"
314,2023-05-08 11:54:00,AAPL,Sell,190,719.75,136752.5,"$965,791.84"
315,2023-05-08 11:54:00,JPM,Sell,190,719.75,136752.5,"$965,791.84"
315,2023-11-30 06:31:00,AAPL,Buy,160,785.41,125665.6,"$840,126.24"
316,2023-01-31 12:21:00,META,Buy,487,1154.26,562124.62,"$278,001.62"
317,2023-12-11 17:15:00,TSLA,Buy,28,2661.19,74513.32,"$203,488.30"
318,2023-08-30 16:48:00,TSLA,Sell,28,1460.07,40881.96,"$244,370.26"
319,2023-08-30 16:48:00,TSLA,Sell,28,1460.07,40881.96,"$244,370.26"
319,2023-09-04 21:05:00,META,Sell,487,1543.3,751587.1,"$995,957.36"
320,2023-09-04 21:05:00,GOOGL,Sell,487,1543.3,751587.1,"$995,957.36"
320,2023-11-10 13:24:00,V,Buy,431,713.55,307540.05,"$688,417.31"
321,2023-08-27 18:48:00,V,Sell,431,666.59,287300.29,"$975,717.60"
322,2023-08-27 18:48:00,TSLA,Sell,431,666.59,287300.29,"$975,717.60"
322,2023-11-22 14:09:00,AAPL,Sell,160,1033.49,165358.4,"$1,141,076.00"
323,2023-11-22 14:09:00,AAPL,Sell,160,1033.49,165358.4,"$1,141,076.00"
323,2023-02-11 18:24:00,MSFT,Buy,353,2267.54,800441.62,"$340,634.38"
324,2023-04-27 11:58:00,AAPL,Buy,83,2985.48,247794.84,"$92,839.54"
325,2023-04-02 22:01:00,AAPL,Sell,83,1345.52,111678.16,"$204,517.70"
326,2023-04-02 22:01:00,MSFT,Sell,353,1401.7,494800.1,"$699,317.80"
327,2023-04-02 22:01:00,MSFT,Sell,353,1401.7,494800.1,"$699,317.80"
326,2023-04-22 17:31:00,JPM,Buy,495,1361.28,673833.6,"$25,484.20"
329,2023-07-09 12:53:00,JPM,Sell,495,1070.96,530125.2,"$555,609.40"
330,2023-07-09 12:53:00,JPM,Sell,495,1070.96,530125.2,"$555,609.40"
330,2023-12-24 16:20:00,AMZN,Sell,98,2839.9590000000003,278315.98,"$555,609.40"
332,2023-08-21 17:12:00,META,Buy,373,320.79,119654.67,"$435,954.73"
333,2023-08-07 10:07:00,META,Sell,373,1329.07,495743.11,"$931,697.84"
334,2023-08-07 10:07:00,GOOGL,Sell,373,1329.07,495743.11,"$931,697.84"
334,2023-06-13 06:54:00,MSFT,Buy,112,2793.02,312818.24,"$618,879.60"
335,2023-12-26 17:39:00,MSFT,Sell,112,1354.3,151681.6,"$770,561.20"
336,2023-12-26 17:39:00,AAPL,Sell,112,1354.3,151681.6,"$770,561.20"
336,2023-04-05 11:54:00,V,Buy,462,393.13,181626.06,"$588,935.14"
337,2023-12-15 13:16:00,JNJ,Sell,172,2055.555,353555.46,"$588,935.14"
338,2023-11-24 15:52:00,V,Sell,462,1974.43,912186.66,"$1,501,121.80"
339,2023-11-24 15:52:00,JPM,Sell,462,1974.43,912186.66,"$1,501,121.80"
339,2023-05-13 12:02:00,GOOGL,Buy,231,1809.74,418049.94,"$1,083,071.86"
340,2023-04-01 09:52:00,GOOGL,Sell,231,650.69,150309.39,"$1,233,381.25"
341,2023-04-01 09:52:00,JNJ,Sell,231,650.69,150309.39,"$1,233,381.25"
342,2023-02-27 10:10:00,TSLA,Buy,110,2259.19,248510.9,"$984,870.35"
343,2023-04-02 03:30:00,TSLA,Sell,110,1808.75,198962.5,"$1,183,832.85"
344,2023-04-02 03:30:00,TSLA,Sell,110,1808.75,198962.5,"$1,183,832.85"
344,2023-04-23 06:44:00,GOOGL,Buy,347,2223.23,771460.81,"$412,372.04"
345,2023-09-03 20:19:00,GOOGL,Sell,347,196.47,68175.09,"$480,547.13"
346,2023-09-03 20:19:00,V,Sell,338,2449.332,827874.22,"$480,547.13"
348,2023-08-08 23:28:00,JPM,Buy,135,2835.94,382851.9,"$97,695.23"
349,2023-08-05 14:02:00,JPM,Sell,135,637.47,86058.45,"$183,753.68"
350,2023-08-05 14:02:00,JPM,Sell,135,637.47,86058.45,"$183,753.68"
351,2023-08-21 12:27:00,META,Buy,214,544.6,116544.4,"$67,209.28"
353,2023-07-31 07:49:00,META,Sell,214,642.98,137597.72,"$204,807.00"
354,2023-07-31 07:49:00,BRK.B,Sell,214,642.98,137597.72,"$204,807.00"
357,2023-06-25 07:02:00,AMZN,Sell,263,1918.404,504540.25,"$204,807.00"
358,2023-12-09 16:06:00,TSLA,Buy,284,127.8,36295.2,"$168,511.80"
359,2023-04-08 12:40:00,TSLA,Sell,36,1835.064,66062.3,"$168,511.80"
360,2023-05-22 17:50:00,TSLA,Sell,284,1969.51,559340.84,"$727,852.64"
361,2023-05-22 17:50:00,META,Sell,284,1969.51,559340.84,"$727,852.64"
361,2023-03-28 12:22:00,GOOGL,Buy,59,1439.27,84916.93,"$642,935.71"
362,2023-09-04 21:56:00,GOOGL,Sell,59,590.51,34840.09,"$677,775.80"
363,2023-09-04 21:56:00,JNJ,Sell,59,590.51,34840.09,"$677,775.80"
363,2023-10-20 06:44:00,JNJ,Buy,30,254.03,7620.9,"$670,154.90"
364,2023-08-31 12:18:00,JPM,Buy,275,1653.76,454784.0,"$215,370.90"
365,2023-08-27 19:37:00,V,Buy,173,652.51,112884.23,"$102,486.67"
366,2023-09-02 22:33:00,JNJ,Sell,179,2151.846,385180.43,"$102,486.67"
367,2023-10-31 07:34:00,V,Sell,173,190.6,32973.8,"$135,460.47"
368,2023-10-31 07:34:00,V,Sell,173,190.6,32973.8,"$135,460.47"
368,2023-06-15 16:36:00,JNJ,Sell,30,2893.65,86809.5,"$222,269.97"
369,2023-06-15 16:36:00,AAPL,Sell,30,2893.65,86809.5,"$222,269.97"
369,2023-06-26 08:41:00,JPM,Sell,275,473.64,130251.0,"$352,520.97"
370,2023-06-26 08:41:00,AAPL,Sell,170,1371.465,233149.05,"$352,520.97"
371,2023-12-10 09:54:00,AAPL,Buy,371,569.48,211277.08,"$141,243.89"
372,2023-08-25 16:39:00,AAPL,Sell,371,1912.63,709585.73,"$850,829.62"
373,2023-08-25 16:39:00,JPM,Sell,371,1912.63,709585.73,"$850,829.62"
373,2023-09-15 23:36:00,TSLA,Buy,322,1746.21,562279.62,"$288,550.00"
374,2023-07-23 03:59:00,JNJ,Buy,162,864.55,140057.1,"$148,492.90"
375,2023-07-30 10:42:00,TSLA,Sell,322,1177.94,379296.68,"$527,789.58"
376,2023-07-30 10:42:00,AMZN,Sell,322,1177.94,379296.68,"$527,789.58"
376,2023-07-19 03:01:00,TSLA,Buy,72,2049.82,147587.04,"$380,202.54"
377,2023-10-15 06:57:00,TSLA,Sell,72,598.02,43057.44,"$423,259.98"
378,2023-10-15 06:57:00,JNJ,Sell,162,243.03,39370.86,"$462,630.84"
379,2023-10-15 06:57:00,META,Sell,162,243.03,39370.86,"$462,630.84"
379,2023-12-15 20:31:00,AMZN,Buy,113,2915.04,329399.52,"$133,231.32"
380,2023-07-17 18:55:00,AMZN,Sell,113,2095.22,236759.86,"$369,991.18"
381,2023-07-17 18:55:00,GOOGL,Sell,113,2095.22,236759.86,"$369,991.18"
381,2023-06-14 07:53:00,AMZN,Buy,36,440.67,15864.12,"$354,127.06"
382,2023-12-10 23:51:00,AMZN,Sell,36,117.62,4234.32,"$358,361.38"
383,2023-12-10 23:51:00,MSFT,Sell,36,117.62,4234.32,"$358,361.38"
388,2023-07-30 18:48:00,AAPL,Buy,14,1114.53,15603.42,"$342,757.96"
389,2023-09-01 23:17:00,AAPL,Sell,14,3291.11,46075.54,"$388,833.50"
390,2023-09-01 23:17:00,TSLA,Sell,14,3291.11,46075.54,"$388,833.50"
390,2023-12-07 19:15:00,TSLA,Buy,108,2849.97,307796.76,"$81,036.74"
391,2023-12-01 04:06:00,TSLA,Sell,108,2604.5,281286.0,"$362,322.74"
392,2023-12-01 04:06:00,TSLA,Sell,108,2604.5,281286.0,"$362,322.74"
393,2023-11-08 10:39:00,JNJ,Buy,177,394.91,69899.07,"$292,423.67"
394,2023-05-15 13:17:00,JNJ,Sell,177,900.77,159436.29,"$451,859.96"
395,2023-05-15 13:17:00,GOOGL,Sell,177,900.77,159436.29,"$451,859.96"
395,2023-07-14 10:03:00,META,Buy,164,2080.37,341180.68,"$110,679.28"
397,2023-08-15 10:44:00,META,Sell,164,1103.13,180913.32,"$291,592.60"
398,2023-08-15 10:44:00,MSFT,Sell,164,1103.13,180913.32,"$291,592.60"
398,2023-06-09 13:32:00,GOOGL,Buy,254,620.83,157690.82,"$133,901.78"
399,2023-09-30 01:34:00,GOOGL,Sell,254,2357.92,598911.68,"$732,813.46"
400,2023-09-30 01:34:00,BRK.B,Sell,254,2357.92,598911.68,"$732,813.46"
401,2023-03-01 14:47:00,JNJ,Buy,238,1895.79,451198.02,"$281,615.44"
403,2023-08-27 22:16:00,JNJ,Sell,238,798.37,190012.06,"$471,627.50"
404,2023-08-27 22:16:00,JNJ,Sell,238,798.37,190012.06,"$471,627.50"
405,2023-10-30 12:04:00,JPM,Buy,298,296.31,88300.38,"$383,327.12"
406,2023-08-13 09:39:00,JPM,Sell,298,110.25,32854.5,"$416,181.62"
407,2023-08-13 09:39:00,AAPL,Sell,298,110.25,32854.5,"$416,181.62"
407,2023-02-23 04:17:00,AAPL,Sell,40,2949.822,117992.88,"$416,181.62"
408,2023-02-20 06:11:00,JPM,Buy,26,1076.11,27978.86,"$388,202.76"
409,2023-04-09 14:47:00,JPM,Sell,26,3183.01,82758.26,"$470,961.02"
410,2023-04-09 14:47:00,BRK.B,Sell,26,3183.01,82758.26,"$470,961.02"
411,2023-04-07 20:09:00,META,Buy,70,706.81,49476.7,"$421,484.32"
412,2023-04-03 17:33:00,META,Sell,70,177.3,12411.0,"$433,895.32"
413,2023-04-03 17:33:00,AMZN,Sell,70,177.3,12411.0,"$433,895.32"
414,2023-09-10 01:34:00,GOOGL,Buy,151,740.83,111865.33,"$322,029.99"
415,2023-03-24 04:06:00,GOOGL,Sell,151,3122.74,471533.74,"$793,563.73"
416,2023-03-24 04:06:00,AAPL,Sell,151,3122.74,471533.74,"$793,563.73"
416,2023-06-25 05:56:00,AMZN,Sell,316,2146.3920000000003,678259.87,"$793,563.73"
417,2023-02-05 10:40:00,AMZN,Buy,389,250.4,97405.6,"$696,158.13"
418,2023-06-08 05:03:00,AAPL,Buy,81,1813.25,146873.25,"$549,284.88"
419,2023-08-21 05:14:00,AAPL,Sell,81,3451.36,279560.16,"$828,845.04"
420,2023-08-21 05:14:00,AMZN,Sell,389,1872.25,728305.25,"$1,557,150.29"
421,2023-08-21 05:14:00,V,Sell,389,1872.25,728305.25,"$1,557,150.29"
420,2023-10-29 03:29:00,TSLA,Buy,150,307.26,46089.0,"$1,511,061.29"
421,2023-05-08 12:40:00,BRK.B,Buy,294,1785.11,524822.34,"$986,238.95"
422,2023-10-05 13:09:00,BRK.B,Sell,294,1119.62,329168.28,"$1,315,407.23"
423,2023-10-05 13:09:00,JNJ,Sell,294,1119.62,329168.28,"$1,315,407.23"
423,2023-12-11 19:20:00,AMZN,Buy,444,866.17,384579.48,"$930,827.75"
424,2023-12-04 03:57:00,AAPL,Buy,297,1503.1,446420.7,"$484,407.05"
425,2023-07-05 16:22:00,AMZN,Buy,179,2298.8,411485.2,"$72,921.85"
426,2023-05-19 16:54:00,AMZN,Sell,623,234.46,146068.58,"$218,990.43"
427,2023-05-19 16:54:00,AAPL,Sell,623,234.46,146068.58,"$218,990.43"
427,2023-06-08 00:38:00,AAPL,Sell,297,1232.08,365927.76,"$584,918.19"
428,2023-06-08 00:38:00,JPM,Sell,489,671.4720000000001,328349.81,"$584,918.19"
428,2023-03-27 10:14:00,JPM,Buy,478,924.82,442063.96,"$142,854.23"
429,2023-06-24 06:36:00,TSLA,Sell,150,989.31,148396.5,"$291,250.73"
430,2023-06-24 06:36:00,JPM,Sell,478,1843.58,881231.24,"$1,172,481.97"
431,2023-06-24 06:36:00,JNJ,Sell,478,1843.58,881231.24,"$1,172,481.97"
430,2023-12-29 02:33:00,JPM,Buy,60,2829.58,169774.8,"$1,002,707.17"
431,2023-08-22 04:28:00,JPM,Sell,60,255.43,15325.8,"$1,018,032.97"
432,2023-08-22 04:28:00,AMZN,Sell,60,255.43,15325.8,"$1,018,032.97"
432,2023-04-17 06:11:00,AAPL,Buy,143,1981.26,283320.18,"$734,712.79"
433,2023-11-01 01:42:00,AAPL,Sell,143,882.06,126134.58,"$860,847.37"
434,2023-11-01 01:42:00,TSLA,Sell,143,882.06,126134.58,"$860,847.37"
434,2023-06-28 22:26:00,JPM,Buy,291,2325.67,676769.97,"$184,077.40"
435,2023-07-07 09:06:00,JPM,Sell,291,1768.02,514493.82,"$698,571.22"
436,2023-07-07 09:06:00,JPM,Sell,291,1768.02,514493.82,"$698,571.22"
436,2023-09-14 10:43:00,GOOGL,Buy,81,2549.07,206474.67,"$492,096.55"
437,2023-02-12 18:25:00,GOOGL,Sell,81,352.72,28570.32,"$520,666.87"
438,2023-02-12 18:25:00,JNJ,Sell,81,352.72,28570.32,"$520,666.87"
438,2023-02-05 07:51:00,AAPL,Buy,221,567.47,125410.87,"$395,256.00"
439,2023-02-19 11:49:00,GOOGL,Sell,336,2130.2729999999997,715771.73,"$395,256.00"
440,2023-12-18 20:36:00,JPM,Sell,281,2299.914,646275.83,"$395,256.00"
441,2023-07-28 18:14:00,AAPL,Sell,221,3193.23,705703.83,"$1,100,959.83"
442,2023-07-28 18:14:00,AAPL,Sell,221,3193.23,705703.83,"$1,100,959.83"
442,2023-03-19 22:14:00,MSFT,Buy,278,606.25,168537.5,"$932,422.33"
443,2023-07-03 19:19:00,MSFT,Sell,278,368.67,102490.26,"$1,034,912.59"
444,2023-07-03 19:19:00,META,Sell,278,368.67,102490.26,"$1,034,912.59"
444,2023-12-01 05:34:00,V,Buy,134,3466.79,464549.86,"$570,362.73"
445,2023-02-28 16:52:00,V,Sell,134,1382.38,185238.92,"$755,601.65"
446,2023-02-28 16:52:00,AAPL,Sell,134,1382.38,185238.92,"$755,601.65"
446,2023-01-07 21:09:00,GOOGL,Buy,52,1799.52,93575.04,"$662,026.61"
448,2023-12-13 05:58:00,TSLA,Buy,33,3242.14,106990.62,"$555,035.99"
449,2023-01-24 23:00:00,GOOGL,Sell,52,153.24,7968.48,"$563,004.47"
450,2023-01-24 23:00:00,TSLA,Sell,33,804.34,26543.22,"$589,547.69"
451,2023-01-24 23:00:00,GOOGL,Sell,33,804.34,26543.22,"$589,547.69"
450,2023-10-18 00:43:00,MSFT,Buy,163,652.33,106329.79,"$483,217.90"
451,2023-10-11 09:00:00,JNJ,Buy,179,1405.08,251509.32,"$231,708.58"
452,2023-02-27 02:37:00,MSFT,Sell,163,282.57,46058.91,"$277,767.49"
453,2023-02-27 02:37:00,JNJ,Sell,163,282.57,46058.91,"$277,767.49"
454,2023-07-19 00:44:00,JPM,Buy,261,875.67,228549.87,"$49,217.62"
455,2023-05-16 06:00:00,JNJ,Sell,179,1104.29,197667.91,"$246,885.53"
456,2023-05-16 06:00:00,V,Sell,179,1104.29,197667.91,"$246,885.53"
456,2023-02-23 12:37:00,MSFT,Buy,147,624.35,91779.45,"$155,106.08"
457,2023-10-11 17:08:00,MSFT,Sell,147,117.66,17296.02,"$172,402.10"
458,2023-10-11 17:08:00,META,Sell,147,117.66,17296.02,"$172,402.10"
458,2023-07-16 10:30:00,MSFT,Buy,77,396.81,30554.37,"$141,847.73"
459,2023-10-25 03:05:00,MSFT,Buy,23,404.7,9308.1,"$132,539.63"
460,2023-10-08 12:31:00,MSFT,Sell,100,3475.28,347528.0,"$480,067.63"
461,2023-10-08 12:31:00,JPM,Sell,261,925.32,241508.52,"$721,576.15"
462,2023-10-08 12:31:00,AAPL,Sell,261,925.32,241508.52,"$721,576.15"
461,2023-05-04 11:40:00,BRK.B,Buy,96,572.06,54917.76,"$666,658.39"
462,2023-12-26 01:57:00,GOOGL,Buy,42,668.51,28077.42,"$638,580.97"
463,2023-02-26 00:17:00,META,Buy,138,3310.36,456829.68,"$181,751.29"
464,2023-11-30 09:42:00,META,Sell,138,1229.54,169676.52,"$351,427.81"
465,2023-11-30 09:42:00,MSFT,Sell,138,1229.54,169676.52,"$351,427.81"
465,2023-08-28 23:09:00,JPM,Buy,181,1564.1,283102.1,"$68,325.71"
466,2023-08-07 18:29:00,GOOGL,Sell,42,1090.92,45818.64,"$114,144.35"
467,2023-08-07 18:29:00,BRK.B,Sell,96,2462.86,236434.56,"$350,578.91"
468,2023-08-07 18:29:00,JPM,Sell,181,1769.42,320265.02,"$670,843.93"
469,2023-08-07 18:29:00,META,Sell,181,1769.42,320265.02,"$670,843.93"
467,2023-06-26 12:40:00,META,Buy,202,1053.02,212710.04,"$458,133.89"
468,2023-09-23 19:06:00,META,Sell,202,2417.82,488399.64,"$946,533.53"
469,2023-09-23 19:06:00,MSFT,Sell,202,2417.82,488399.64,"$946,533.53"
471,2023-12-30 13:57:00,GOOGL,Buy,334,1129.63,377296.42,"$569,237.11"
472,2023-04-23 05:50:00,GOOGL,Sell,334,2079.63,694596.42,"$1,263,833.53"
473,2023-04-23 05:50:00,BRK.B,Sell,334,2079.63,694596.42,"$1,263,833.53"
473,2023-11-01 14:20:00,JNJ,Buy,28,2788.45,78076.6,"$1,185,756.93"
474,2023-03-03 21:10:00,JNJ,Sell,28,2359.96,66078.88,"$1,251,835.81"
475,2023-03-03 21:10:00,MSFT,Sell,28,2359.96,66078.88,"$1,251,835.81"
475,2023-02-02 06:08:00,V,Buy,340,2403.4,817156.0,"$434,679.81"
476,2023-08-30 11:04:00,V,Sell,340,979.71,333101.4,"$767,781.21"
477,2023-08-30 11:04:00,BRK.B,Sell,340,979.71,333101.4,"$767,781.21"
477,2023-06-10 22:48:00,JPM,Buy,201,1429.86,287401.86,"$480,379.35"
478,2023-12-31 10:16:00,JPM,Sell,201,3229.86,649201.86,"$1,129,581.21"
479,2023-12-31 10:16:00,GOOGL,Sell,201,3229.86,649201.86,"$1,129,581.21"
480,2023-08-16 02:40:00,META,Buy,243,2766.52,672264.36,"$457,316.85"
481,2023-09-11 14:59:00,META,Sell,243,2469.0,599967.0,"$1,057,283.85"
482,2023-09-11 14:59:00,JPM,Sell,243,2469.0,599967.0,"$1,057,283.85"
482,2023-08-07 15:29:00,AAPL,Sell,185,2072.79,383466.15,"$1,057,283.85"
483,2023-04-30 16:17:00,AMZN,Buy,274,693.14,189920.36,"$867,363.49"
484,2023-11-07 11:20:00,JPM,Buy,128,2812.37,359983.36,"$507,380.13"
485,2023-11-11 16:05:00,JPM,Sell,128,1628.56,208455.68,"$715,835.81"
486,2023-11-11 16:05:00,BRK.B,Sell,128,1628.56,208455.68,"$715,835.81"
486,2023-01-04 05:46:00,AMZN,Buy,115,1046.37,120332.55,"$595,503.26"
487,2023-03-16 02:14:00,JNJ,Buy,105,1343.7,141088.5,"$454,414.76"
488,2023-12-23 10:21:00,JNJ,Buy,337,1165.57,392797.09,"$61,617.67"
489,2023-09-14 07:22:00,AMZN,Sell,389,2106.57,819455.73,"$881,073.40"
490,2023-09-14 07:22:00,JNJ,Sell,442,2385.17,1054245.14,"$1,935,318.54"
491,2023-09-14 07:22:00,JPM,Sell,442,2385.17,1054245.14,"$1,935,318.54"
490,2023-08-17 01:19:00,MSFT,Buy,132,1138.29,150254.28,"$1,785,064.26"
491,2023-04-13 22:25:00,MSFT,Sell,132,568.75,75075.0,"$1,860,139.26"
492,2023-04-13 22:25:00,JNJ,Sell,132,568.75,75075.0,"$1,860,139.26"
492,2023-05-16 06:16:00,JPM,Buy,335,1927.09,645575.15,"$1,214,564.11"
493,2023-05-07 03:29:00,JPM,Sell,335,577.01,193298.35,"$1,407,862.46"
494,2023-05-07 03:29:00,JNJ,Sell,335,577.01,193298.35,"$1,407,862.46"
494,2023-11-25 09:48:00,V,Buy,37,3042.78,112582.86,"$1,295,279.60"
495,2023-12-19 21:09:00,GOOGL,Buy,109,2871.73,313018.57,"$982,261.03"
496,2023-12-27 10:13:00,GOOGL,Sell,109,2514.48,274078.32,"$1,256,339.35"
497,2023-12-27 10:13:00,V,Sell,37,1609.1,59536.7,"$1,315,876.05"
498,2023-12-27 10:13:00,BRK.B,Sell,37,1609.1,59536.7,"$1,315,876.05"
497,2023-01-23 11:19:00,AMZN,Buy,159,211.16,33574.44,"$1,282,301.61"
498,2023-07-30 04:52:00,GOOGL,Buy,409,1654.89,676850.01,"$605,451.60"
499,2023-03-24 10:30:00,V,Buy,68,1010.82,68735.76,"$536,715.84"
500,2023-01-31 07:11:00,GOOGL,Sell,409,1545.53,632121.77,"$1,168,837.61"
501,2023-01-31 07:11:00,JPM,Sell,409,1545.53,632121.77,"$1,168,837.61"
501,2023-01-24 11:16:00,JPM,Buy,144,1285.16,185063.04,"$983,774.57"
502,2023-06-22 12:55:00,AMZN,Sell,159,2194.91,348990.69,"$1,332,765.26"
503,2023-06-22 12:55:00,JPM,Sell,144,2768.49,398662.56,"$1,731,427.82"
504,2023-06-22 12:55:00,V,Sell,68,2866.0,194888.0,"$1,926,315.82"
505,2023-06-22 12:55:00,AMZN,Sell,68,2866.0,194888.0,"$1,926,315.82"
503,2023-02-13 05:21:00,V,Buy,189,1909.75,360942.75,"$1,565,373.07"
504,2023-05-03 14:36:00,META,Buy,370,1094.96,405135.2,"$1,160,237.87"
505,2023-03-11 08:10:00,GOOGL,Buy,394,2771.35,1091911.9,"$68,325.97"
506,2023-04-03 09:31:00,GOOGL,Sell,394,1195.13,470881.22,"$539,207.19"
507,2023-04-03 09:31:00,META,Sell,370,941.69,348425.3,"$887,632.49"
508,2023-04-03 09:31:00,GOOGL,Sell,370,941.69,348425.3,"$887,632.49"
507,2023-04-14 12:37:00,V,Sell,189,1508.37,285081.93,"$1,172,714.42"
508,2023-04-14 12:37:00,V,Sell,189,1508.37,285081.93,"$1,172,714.42"
508,2023-03-09 18:56:00,BRK.B,Buy,273,2649.33,723267.09,"$449,447.33"
509,2023-09-26 17:59:00,BRK.B,Sell,273,2078.65,567471.45,"$1,016,918.78"
510,2023-09-26 17:59:00,JPM,Sell,273,2078.65,567471.45,"$1,016,918.78"
510,2023-03-09 19:46:00,JPM,Buy,335,2358.09,789960.15,"$226,958.63"
511,2023-02-16 02:47:00,JPM,Sell,335,1560.79,522864.65,"$749,823.28"
512,2023-02-16 02:47:00,JNJ,Sell,335,1560.79,522864.65,"$749,823.28"
512,2023-07-15 13:01:00,META,Buy,434,1064.22,461871.48,"$287,951.80"
514,2023-03-14 12:11:00,JPM,Buy,18,522.41,9403.38,"$278,548.42"
515,2023-01-01 11:48:00,META,Sell,434,3073.04,1333699.36,"$1,612,247.78"
516,2023-01-01 11:48:00,JPM,Sell,18,3080.42,55447.56,"$1,667,695.34"
517,2023-01-01 11:48:00,BRK.B,Sell,18,3080.42,55447.56,"$1,667,695.34"
516,2023-03-09 23:14:00,META,Buy,138,380.23,52471.74,"$1,615,223.60"
517,2023-05-01 12:45:00,AAPL,Buy,212,2227.05,472134.6,"$1,143,089.00"
518,2023-11-09 13:21:00,AAPL,Sell,212,825.63,175033.56,"$1,318,122.56"
519,2023-11-09 13:21:00,MSFT,Sell,212,825.63,175033.56,"$1,318,122.56"
519,2023-11-21 02:06:00,AAPL,Buy,14,2465.03,34510.42,"$1,283,612.14"
520,2023-11-04 12:28:00,AAPL,Sell,14,1402.44,19634.16,"$1,303,246.30"
521,2023-11-04 12:28:00,GOOGL,Sell,14,1402.44,19634.16,"$1,303,246.30"
521,2023-08-17 04:12:00,META,Buy,461,1117.47,515153.67,"$788,092.63"
522,2023-04-07 22:53:00,META,Sell,599,128.81,77157.19,"$865,249.82"
523,2023-04-07 22:53:00,GOOGL,Sell,599,128.81,77157.19,"$865,249.82"
523,2023-11-17 11:17:00,META,Buy,379,824.39,312443.81,"$552,806.01"
525,2023-03-31 16:19:00,V,Buy,383,1405.71,538386.93,"$14,419.08"
526,2023-04-12 19:42:00,META,Sell,379,1068.73,405048.67,"$419,467.75"
527,2023-04-12 19:42:00,V,Sell,383,3300.35,1264034.05,"$1,683,501.80"
528,2023-04-12 19:42:00,AMZN,Sell,383,3300.35,1264034.05,"$1,683,501.80"
527,2023-01-20 12:47:00,TSLA,Buy,115,1860.35,213940.25,"$1,469,561.55"
528,2023-10-13 06:20:00,TSLA,Buy,340,285.54,97083.6,"$1,372,477.95"
529,2023-12-27 08:47:00,BRK.B,Sell,465,3081.753,1433015.15,"$1,372,477.95"
530,2023-09-20 22:38:00,META,Buy,77,1415.25,108974.25,"$1,263,503.70"
531,2023-05-06 19:22:00,TSLA,Sell,455,348.17,158417.35,"$1,421,921.05"
532,2023-05-06 19:22:00,JPM,Sell,120,211.869,25424.28,"$1,421,921.05"
532,2023-02-14 00:46:00,BRK.B,Buy,269,1074.06,288922.14,"$1,132,998.91"
533,2023-11-05 10:30:00,BRK.B,Sell,269,619.11,166540.59,"$1,299,539.50"
534,2023-11-05 10:30:00,BRK.B,Sell,50,1654.596,82729.8,"$1,299,539.50"
534,2023-05-28 23:08:00,GOOGL,Buy,284,1210.95,343909.8,"$955,629.70"
535,2023-02-18 03:26:00,META,Sell,77,911.37,70175.49,"$1,025,805.19"
536,2023-02-18 03:26:00,TSLA,Sell,77,911.37,70175.49,"$1,025,805.19"
536,2023-11-13 09:09:00,GOOGL,Sell,284,287.1,81536.4,"$1,107,341.59"
537,2023-11-13 09:09:00,MSFT,Sell,284,287.1,81536.4,"$1,107,341.59"
537,2023-05-08 21:38:00,MSFT,Buy,16,2506.86,40109.76,"$1,067,231.83"
538,2023-04-30 07:10:00,MSFT,Sell,16,1858.56,29736.96,"$1,096,968.79"
539,2023-04-30 07:10:00,JPM,Sell,16,1858.56,29736.96,"$1,096,968.79"
539,2023-07-08 18:40:00,GOOGL,Buy,200,531.56,106312.0,"$990,656.79"
540,2023-07-15 16:59:00,GOOGL,Sell,200,1881.1,376220.0,"$1,366,876.79"
541,2023-07-15 16:59:00,MSFT,Sell,200,1881.1,376220.0,"$1,366,876.79"
541,2023-07-11 11:22:00,V,Buy,331,362.04,119835.24,"$1,247,041.55"
542,2023-09-20 05:37:00,AAPL,Buy,265,3021.82,800782.3,"$446,259.25"
543,2023-03-16 22:23:00,AAPL,Sell,265,876.58,232293.7,"$678,552.95"
544,2023-03-16 22:23:00,V,Sell,451,127.602,57548.5,"$678,552.95"
544,2023-02-03 11:35:00,JPM,Buy,196,1402.13,274817.48,"$403,735.47"
545,2023-01-26 18:01:00,JPM,Sell,196,1515.27,296992.92,"$700,728.39"
546,2023-01-26 18:01:00,V,Sell,331,2548.98,843712.38,"$1,544,440.77"
547,2023-01-26 18:01:00,JNJ,Sell,331,2548.98,843712.38,"$1,544,440.77"
546,2023-07-17 12:34:00,MSFT,Buy,302,1367.55,413000.1,"$1,131,440.67"
547,2023-02-08 08:30:00,GOOGL,Buy,124,2834.75,351509.0,"$779,931.67"
548,2023-02-20 04:34:00,GOOGL,Sell,124,1212.82,150389.68,"$930,321.35"
549,2023-02-20 04:34:00,JPM,Sell,124,1212.82,150389.68,"$930,321.35"
549,2023-01-06 19:16:00,META,Buy,112,1091.42,122239.04,"$808,082.31"
550,2023-06-26 15:27:00,JPM,Buy,198,2111.75,418126.5,"$389,955.81"
551,2023-06-28 11:54:00,MSFT,Sell,302,181.29,54749.58,"$444,705.39"
552,2023-06-28 11:54:00,GOOGL,Sell,302,181.29,54749.58,"$444,705.39"
552,2023-01-07 23:40:00,META,Buy,10,2680.36,26803.6,"$417,901.79"
553,2023-05-30 10:01:00,JNJ,Buy,131,1527.37,200085.47,"$217,816.32"
554,2023-07-23 18:18:00,JPM,Sell,198,1867.18,369701.64,"$587,517.96"
555,2023-07-23 18:18:00,MSFT,Sell,198,1867.18,369701.64,"$587,517.96"
555,2023-03-03 19:46:00,JNJ,Sell,131,1440.79,188743.49,"$776,261.45"
556,2023-03-03 19:46:00,V,Sell,131,1440.79,188743.49,"$776,261.45"
556,2023-02-15 08:28:00,META,Sell,122,905.02,110412.44,"$886,673.89"
557,2023-02-15 08:28:00,BRK.B,Sell,122,905.02,110412.44,"$886,673.89"
558,2023-11-26 16:31:00,TSLA,Buy,129,353.94,45658.26,"$841,015.63"
559,2023-03-21 08:26:00,GOOGL,Buy,64,658.87,42167.68,"$798,847.95"
560,2023-09-18 21:31:00,AMZN,Buy,241,1148.25,276728.25,"$522,119.70"
561,2023-08-10 12:32:00,AMZN,Sell,241,604.3,145636.3,"$667,756.00"
562,2023-08-10 12:32:00,V,Sell,241,604.3,145636.3,"$667,756.00"
562,2023-10-16 12:52:00,JNJ,Sell,217,2705.076,587001.49,"$667,756.00"
563,2023-07-01 22:29:00,MSFT,Sell,409,3096.657,1266532.71,"$667,756.00"
564,2023-04-06 04:24:00,AMZN,Sell,310,881.991,273417.21,"$667,756.00"
565,2023-02-24 14:29:00,AAPL,Sell,443,2627.829,1164128.25,"$667,756.00"
566,2023-08-30 10:15:00,GOOGL,Sell,64,272.17,17418.88,"$685,174.88"
567,2023-08-30 10:15:00,MSFT,Sell,64,272.17,17418.88,"$685,174.88"
567,2023-10-15 15:06:00,JPM,Buy,25,1401.28,35032.0,"$650,142.88"
568,2023-05-17 06:42:00,TSLA,Buy,153,1616.44,247315.32,"$402,827.56"
569,2023-08-03 21:20:00,JPM,Sell,25,398.25,9956.25,"$412,783.81"
570,2023-08-03 21:20:00,JPM,Sell,25,398.25,9956.25,"$412,783.81"
570,2023-11-02 06:39:00,TSLA,Sell,282,2827.37,797318.34,"$1,210,102.15"
571,2023-11-02 06:39:00,AMZN,Sell,282,2827.37,797318.34,"$1,210,102.15"
571,2023-01-15 05:18:00,BRK.B,Buy,410,2525.46,1035438.6,"$174,663.55"
572,2023-12-19 22:23:00,BRK.B,Sell,410,1193.46,489318.6,"$663,982.15"
573,2023-12-19 22:23:00,META,Sell,410,1193.46,489318.6,"$663,982.15"
573,2023-01-19 23:29:00,META,Buy,315,844.67,266071.05,"$397,911.10"
574,2023-07-24 13:39:00,META,Sell,315,3498.66,1102077.9,"$1,499,989.00"
575,2023-07-24 13:39:00,AAPL,Sell,315,3498.66,1102077.9,"$1,499,989.00"
575,2023-04-27 05:38:00,MSFT,Buy,136,2333.34,317334.24,"$1,182,654.76"
576,2023-02-10 17:04:00,AMZN,Buy,304,2978.12,905348.48,"$277,306.28"
577,2023-05-07 11:50:00,AMZN,Sell,304,2471.93,751466.72,"$1,028,773.00"
578,2023-05-07 11:50:00,GOOGL,Sell,304,2471.93,751466.72,"$1,028,773.00"
578,2023-01-21 12:56:00,MSFT,Sell,136,583.15,79308.4,"$1,108,081.40"
579,2023-01-21 12:56:00,META,Sell,136,583.15,79308.4,"$1,108,081.40"
579,2023-12-25 10:17:00,JNJ,Sell,38,801.828,30469.46,"$1,108,081.40"
580,2023-06-09 07:57:00,AAPL,Buy,279,1725.16,481319.64,"$626,761.76"
581,2023-05-27 16:50:00,GOOGL,Buy,184,2537.59,466916.56,"$159,845.20"
582,2023-08-24 15:07:00,GOOGL,Sell,184,581.62,107018.08,"$266,863.28"
583,2023-08-24 15:07:00,AAPL,Sell,184,581.62,107018.08,"$266,863.28"
584,2023-08-23 21:53:00,AAPL,Sell,279,1585.35,442312.65,"$709,175.93"
585,2023-08-23 21:53:00,GOOGL,Sell,279,1585.35,442312.65,"$709,175.93"
585,2023-12-21 18:26:00,META,Buy,99,2504.42,247937.58,"$461,238.35"
586,2023-09-17 19:58:00,META,Sell,99,696.2,68923.8,"$530,162.15"
587,2023-09-17 19:58:00,AMZN,Sell,99,696.2,68923.8,"$530,162.15"
587,2023-08-03 11:03:00,GOOGL,Buy,100,2578.03,257803.0,"$272,359.15"
588,2023-10-13 03:43:00,GOOGL,Sell,100,1181.94,118194.0,"$390,553.15"
589,2023-10-13 03:43:00,V,Sell,100,1181.94,118194.0,"$390,553.15"
589,2023-06-10 20:25:00,V,Buy,63,3284.74,206938.62,"$183,614.53"
590,2023-02-26 15:46:00,V,Sell,63,670.82,42261.66,"$225,876.19"
591,2023-02-26 15:46:00,AMZN,Sell,63,670.82,42261.66,"$225,876.19"
591,2023-03-06 14:35:00,META,Buy,238,138.75,33022.5,"$192,853.69"
592,2023-02-19 08:47:00,META,Sell,234,2331.7110000000002,545620.37,"$192,853.69"
593,2023-05-02 02:58:00,META,Sell,238,2917.94,694469.72,"$887,323.41"
594,2023-05-02 02:58:00,BRK.B,Sell,238,2917.94,694469.72,"$887,323.41"
594,2023-06-14 06:20:00,GOOGL,Buy,241,350.61,84497.01,"$802,826.40"
595,2023-08-03 17:54:00,AAPL,Buy,173,987.83,170894.59,"$631,931.81"
596,2023-10-01 09:36:00,GOOGL,Buy,384,355.01,136323.84,"$495,607.97"
597,2023-12-18 12:26:00,AAPL,Sell,173,660.99,114351.27,"$609,959.24"
598,2023-12-18 12:26:00,AAPL,Sell,173,660.99,114351.27,"$609,959.24"
598,2023-03-15 17:36:00,META,Buy,115,3412.95,392489.25,"$217,469.99"
599,2023-07-13 03:50:00,GOOGL,Sell,625,268.76,167975.0,"$385,444.99"
600,2023-07-13 03:50:00,META,Sell,115,2044.02,235062.3,"$620,507.29"
601,2023-07-13 03:50:00,TSLA,Sell,115,2044.02,235062.3,"$620,507.29"
600,2023-04-22 20:10:00,AAPL,Sell,431,2115.783,911902.47,"$620,507.29"
601,2023-12-16 18:20:00,AMZN,Buy,59,187.5,11062.5,"$609,444.79"
602,2023-08-01 11:46:00,AMZN,Sell,59,1762.93,104012.87,"$713,457.66"
603,2023-08-01 11:46:00,MSFT,Sell,59,1762.93,104012.87,"$713,457.66"
603,2023-07-12 23:17:00,MSFT,Buy,338,1950.03,659110.14,"$54,347.52"
604,2023-10-05 18:14:00,MSFT,Sell,338,995.21,336380.98,"$390,728.50"
605,2023-10-05 18:14:00,META,Sell,338,995.21,336380.98,"$390,728.50"
605,2023-06-14 17:52:00,TSLA,Buy,298,309.57,92251.86,"$298,476.64"
606,2023-03-12 10:00:00,TSLA,Sell,298,2105.07,627310.86,"$925,787.50"
607,2023-03-12 10:00:00,MSFT,Sell,298,2105.07,627310.86,"$925,787.50"
607,2023-02-14 09:46:00,BRK.B,Buy,429,1876.78,805138.62,"$120,648.88"
608,2023-12-12 18:09:00,BRK.B,Sell,429,1116.1,478806.9,"$599,455.78"
609,2023-12-12 18:09:00,V,Sell,429,1116.1,478806.9,"$599,455.78"
611,2023-05-02 17:24:00,AMZN,Sell,50,3114.135,155706.75,"$599,455.78"
614,2023-03-05 08:54:00,BRK.B,Buy,294,1451.01,426596.94,"$172,858.84"
615,2023-07-21 02:57:00,BRK.B,Sell,294,142.04,41759.76,"$214,618.60"
616,2023-07-21 02:57:00,JNJ,Sell,294,142.04,41759.76,"$214,618.60"
616,2023-11-02 12:56:00,MSFT,Buy,222,608.78,135149.16,"$79,469.44"
617,2023-03-14 23:11:00,MSFT,Sell,222,3092.46,686526.12,"$765,995.56"
618,2023-03-14 23:11:00,MSFT,Sell,222,3092.46,686526.12,"$765,995.56"
618,2023-10-27 04:49:00,TSLA,Buy,206,2326.28,479213.68,"$286,781.88"
619,2023-12-11 11:05:00,TSLA,Sell,206,589.1,121354.6,"$408,136.48"
620,2023-12-11 11:05:00,AAPL,Sell,206,589.1,121354.6,"$408,136.48"
623,2023-07-24 03:24:00,JPM,Sell,454,787.554,357549.52,"$408,136.48"
625,2023-10-31 11:37:00,V,Buy,340,403.58,137217.2,"$270,919.28"
626,2023-10-24 11:49:00,JPM,Sell,415,576.4590000000001,239230.49,"$270,919.28"
627,2023-08-15 13:16:00,JNJ,Buy,216,561.21,121221.36,"$149,697.92"
628,2023-01-22 01:54:00,V,Sell,340,295.93,100616.2,"$250,314.12"
629,2023-01-22 01:54:00,GOOGL,Sell,35,2899.179,101471.26,"$250,314.12"
630,2023-01-23 06:07:00,JNJ,Sell,216,1713.58,370133.28,"$620,447.40"
631,2023-01-23 06:07:00,AMZN,Sell,216,1713.58,370133.28,"$620,447.40"
631,2023-09-12 16:29:00,META,Buy,93,2948.02,274165.86,"$346,281.54"
632,2023-03-07 19:42:00,META,Sell,93,653.89,60811.77,"$407,093.31"
633,2023-03-07 19:42:00,TSLA,Sell,93,653.89,60811.77,"$407,093.31"
633,2023-06-06 01:29:00,AMZN,Buy,341,865.38,295094.58,"$111,998.73"
634,2023-10-26 04:39:00,JNJ,Buy,20,3039.74,60794.8,"$51,203.93"
635,2023-12-12 05:26:00,JNJ,Sell,20,860.82,17216.4,"$68,420.33"
636,2023-12-12 05:26:00,GOOGL,Sell,20,860.82,17216.4,"$68,420.33"
637,2023-08-09 00:22:00,JNJ,Sell,349,3047.445,1063558.31,"$68,420.33"
638,2023-09-30 12:08:00,AMZN,Sell,341,1737.91,592627.31,"$661,047.64"
639,2023-09-30 12:08:00,JNJ,Sell,341,1737.91,592627.31,"$661,047.64"
639,2023-09-02 20:58:00,TSLA,Buy,337,1205.47,406243.39,"$254,804.25"
640,2023-08-06 13:45:00,TSLA,Sell,337,917.03,309039.11,"$563,843.36"
641,2023-08-06 13:45:00,AMZN,Sell,448,2545.236,1140265.73,"$563,843.36"
641,2023-10-22 06:07:00,META,Sell,264,3142.2509999999997,829554.26,"$563,843.36"
642,2023-07-08 21:48:00,BRK.B,Sell,372,3133.944,1165827.17,"$563,843.36"
644,2023-12-13 10:04:00,META,Buy,269,1120.66,301457.54,"$262,385.82"
645,2023-05-12 21:34:00,TSLA,Buy,59,1700.65,100338.35,"$162,047.47"
646,2023-05-14 07:21:00,TSLA,Sell,59,1307.96,77169.64,"$239,217.11"
647,2023-05-14 07:21:00,META,Sell,59,1307.96,77169.64,"$239,217.11"
648,2023-02-21 20:35:00,META,Sell,269,507.37,136482.53,"$375,699.64"
649,2023-02-21 20:35:00,JPM,Sell,269,507.37,136482.53,"$375,699.64"
649,2023-08-06 06:08:00,BRK.B,Buy,37,3060.89,113252.93,"$262,446.71"
652,2023-11-26 04:12:00,BRK.B,Sell,37,673.26,24910.62,"$287,357.33"
653,2023-11-26 04:12:00,TSLA,Sell,37,673.26,24910.62,"$287,357.33"
653,2023-12-23 11:58:00,MSFT,Buy,76,2189.23,166381.48,"$120,975.85"
654,2023-10-21 17:48:00,MSFT,Sell,76,228.27,17348.52,"$138,324.37"
655,2023-10-21 17:48:00,BRK.B,Sell,76,228.27,17348.52,"$138,324.37"
656,2023-05-19 18:34:00,AAPL,Buy,356,114.02,40591.12,"$97,733.25"
657,2023-06-14 18:16:00,META,Buy,169,538.36,90982.84,"$6,750.41"
658,2023-05-02 14:53:00,AAPL,Sell,356,1882.0,669992.0,"$676,742.41"
659,2023-05-02 14:53:00,META,Sell,169,1574.46,266083.74,"$942,826.15"
660,2023-05-02 14:53:00,MSFT,Sell,169,1574.46,266083.74,"$942,826.15"
659,2023-04-08 10:08:00,META,Buy,471,1766.61,832073.31,"$110,752.84"
660,2023-05-01 01:32:00,BRK.B,Buy,19,876.62,16655.78,"$94,097.06"
661,2023-01-16 22:57:00,META,Sell,471,1346.41,634159.11,"$728,256.17"
662,2023-01-16 22:57:00,V,Sell,458,2049.3810000000003,938616.5,"$728,256.17"
662,2023-02-05 09:07:00,V,Sell,363,444.321,161288.52,"$728,256.17"
663,2023-11-20 12:57:00,BRK.B,Buy,73,1960.76,143135.48,"$585,120.69"
664,2023-01-07 18:36:00,TSLA,Buy,225,2349.66,528673.5,"$56,447.19"
665,2023-04-10 21:06:00,TSLA,Sell,225,1839.39,413862.75,"$470,309.94"
666,2023-04-10 21:06:00,BRK.B,Sell,225,1839.39,413862.75,"$470,309.94"
666,2023-03-19 09:05:00,JPM,Buy,111,2170.61,240937.71,"$229,372.23"
667,2023-05-27 20:29:00,BRK.B,Sell,92,645.27,59364.84,"$288,737.07"
668,2023-05-27 20:29:00,JPM,Sell,111,1963.67,217967.37,"$506,704.44"
669,2023-05-27 20:29:00,META,Sell,111,1963.67,217967.37,"$506,704.44"
668,2023-12-17 00:12:00,META,Buy,130,109.31,14210.3,"$492,494.14"
669,2023-03-22 09:55:00,META,Sell,130,355.16,46170.8,"$538,664.94"
670,2023-03-22 09:55:00,V,Sell,130,355.16,46170.8,"$538,664.94"
670,2023-03-15 18:10:00,TSLA,Buy,339,885.94,300333.66,"$238,331.28"
671,2023-08-04 13:21:00,TSLA,Buy,247,270.27,66756.69,"$171,574.59"
672,2023-07-31 14:01:00,TSLA,Sell,586,2994.24,1754624.64,"$1,926,199.23"
673,2023-07-31 14:01:00,META,Sell,586,2994.24,1754624.64,"$1,926,199.23"
673,2023-02-03 09:58:00,AAPL,Buy,446,570.54,254460.84,"$1,671,738.39"
674,2023-08-28 07:45:00,META,Buy,467,1588.23,741703.41,"$930,034.98"
675,2023-03-09 16:26:00,AAPL,Sell,446,487.03,217215.38,"$1,147,250.36"
676,2023-03-09 16:26:00,META,Sell,467,1460.85,682216.95,"$1,829,467.31"
677,2023-03-09 16:26:00,META,Sell,467,1460.85,682216.95,"$1,829,467.31"
676,2023-10-08 20:52:00,JPM,Buy,419,1533.92,642712.48,"$1,186,754.83"
677,2023-05-02 10:40:00,JPM,Sell,419,299.4,125448.6,"$1,312,203.43"
678,2023-05-02 10:40:00,MSFT,Sell,419,299.4,125448.6,"$1,312,203.43"
678,2023-04-27 01:38:00,MSFT,Buy,223,3198.17,713191.91,"$599,011.52"
679,2023-11-16 01:27:00,MSFT,Sell,223,1319.24,294190.52,"$893,202.04"
680,2023-11-16 01:27:00,GOOGL,Sell,360,2782.647,1001752.92,"$893,202.04"
680,2023-04-06 03:22:00,JPM,Buy,481,1759.62,846377.22,"$46,824.82"
681,2023-11-17 21:34:00,JPM,Sell,481,1168.41,562005.21,"$608,830.03"
682,2023-11-17 21:34:00,AAPL,Sell,481,1168.41,562005.21,"$608,830.03"
682,2023-06-13 02:25:00,META,Buy,275,1878.55,516601.25,"$92,228.78"
683,2023-03-11 08:28:00,META,Sell,275,1738.56,478104.0,"$570,332.78"
684,2023-03-11 08:28:00,BRK.B,Sell,275,1738.56,478104.0,"$570,332.78"
686,2023-12-08 17:25:00,JPM,Buy,455,662.37,301378.35,"$268,954.43"
687,2023-08-22 11:28:00,JPM,Sell,455,271.19,123391.45,"$392,345.88"
688,2023-08-22 11:28:00,AMZN,Sell,455,271.19,123391.45,"$392,345.88"
688,2023-10-03 17:10:00,BRK.B,Buy,428,899.0,384772.0,"$7,573.88"
689,2023-11-23 07:05:00,BRK.B,Sell,428,2633.81,1127270.68,"$1,134,844.56"
690,2023-11-23 07:05:00,MSFT,Sell,428,2633.81,1127270.68,"$1,134,844.56"
690,2023-01-13 22:32:00,MSFT,Buy,216,1501.95,324421.2,"$810,423.36"
691,2023-01-01 02:57:00,MSFT,Sell,216,1828.35,394923.6,"$1,205,346.96"
692,2023-01-01 02:57:00,MSFT,Sell,216,1828.35,394923.6,"$1,205,346.96"
692,2023-05-31 14:59:00,JPM,Buy,496,1258.9,624414.4,"$580,932.56"
693,2023-06-12 07:46:00,JPM,Buy,179,2004.51,358807.29,"$222,125.27"
694,2023-09-22 13:01:00,JPM,Sell,191,2629.449,502224.76,"$222,125.27"
695,2023-08-01 14:46:00,JPM,Sell,675,461.5,311512.5,"$533,637.77"
696,2023-08-01 14:46:00,JNJ,Sell,675,461.5,311512.5,"$533,637.77"
697,2023-03-19 21:17:00,TSLA,Buy,322,766.13,246693.86,"$286,943.91"
698,2023-10-14 02:21:00,TSLA,Sell,322,2674.31,861127.82,"$1,148,071.73"
699,2023-10-14 02:21:00,AMZN,Sell,322,2674.31,861127.82,"$1,148,071.73"
699,2023-02-03 20:39:00,V,Buy,73,2725.29,198946.17,"$949,125.56"
700,2023-04-09 00:56:00,V,Sell,73,265.14,19355.22,"$968,480.78"
701,2023-04-09 00:56:00,JPM,Sell,73,265.14,19355.22,"$968,480.78"
702,2023-05-07 10:45:00,GOOGL,Buy,63,1417.18,89282.34,"$879,198.44"
703,2023-08-23 08:37:00,JNJ,Buy,461,1407.85,649018.85,"$230,179.59"
704,2023-06-30 18:17:00,GOOGL,Sell,63,1503.33,94709.79,"$324,889.38"
705,2023-06-30 18:17:00,JNJ,Sell,461,2480.05,1143303.05,"$1,468,192.43"
706,2023-06-30 18:17:00,TSLA,Sell,461,2480.05,1143303.05,"$1,468,192.43"
705,2023-08-06 15:53:00,JNJ,Buy,450,1167.3,525285.0,"$942,907.43"
706,2023-06-08 06:20:00,JNJ,Sell,450,1087.97,489586.5,"$1,432,493.93"
707,2023-06-08 06:20:00,AMZN,Sell,450,1087.97,489586.5,"$1,432,493.93"
707,2023-04-07 14:36:00,GOOGL,Buy,267,1944.47,519173.49,"$913,320.44"
708,2023-03-26 00:51:00,META,Buy,297,1733.26,514778.22,"$398,542.22"
709,2023-10-31 23:57:00,GOOGL,Sell,267,1536.11,410141.37,"$808,683.59"
710,2023-10-31 23:57:00,META,Sell,297,143.42,42595.74,"$851,279.33"
711,2023-10-31 23:57:00,JNJ,Sell,297,143.42,42595.74,"$851,279.33"
710,2023-10-05 08:11:00,GOOGL,Buy,37,2378.86,88017.82,"$763,261.51"
711,2023-04-28 04:32:00,TSLA,Buy,359,951.91,341735.69,"$421,525.82"
712,2023-08-03 21:57:00,GOOGL,Sell,37,1319.52,48822.24,"$470,348.06"
713,2023-08-03 21:57:00,AMZN,Sell,37,1319.52,48822.24,"$470,348.06"
713,2023-06-13 08:03:00,JNJ,Buy,209,907.82,189734.38,"$280,613.68"
714,2023-07-29 10:50:00,TSLA,Sell,359,3383.83,1214794.97,"$1,495,408.65"
715,2023-07-29 10:50:00,AAPL,Sell,359,3383.83,1214794.97,"$1,495,408.65"
715,2023-07-03 00:30:00,AMZN,Buy,327,3054.09,998687.43,"$496,721.22"
716,2023-06-14 05:44:00,AMZN,Sell,327,2610.73,853708.71,"$1,350,429.93"
717,2023-06-14 05:44:00,JNJ,Sell,209,767.99,160509.91,"$1,510,939.84"
718,2023-06-14 05:44:00,META,Sell,209,767.99,160509.91,"$1,510,939.84"
717,2023-05-21 21:37:00,TSLA,Buy,239,703.25,168076.75,"$1,342,863.09"
718,2023-05-17 03:39:00,GOOGL,Buy,386,1847.08,712972.88,"$629,890.21"
719,2023-07-12 09:55:00,GOOGL,Sell,386,967.05,373281.3,"$1,003,171.51"
720,2023-07-12 09:55:00,GOOGL,Sell,386,967.05,373281.3,"$1,003,171.51"
720,2023-04-23 17:25:00,AAPL,Buy,88,3257.34,286645.92,"$716,525.59"
721,2023-08-08 07:03:00,AAPL,Sell,88,1317.49,115939.12,"$832,464.71"
722,2023-08-08 07:03:00,JPM,Sell,88,1317.49,115939.12,"$832,464.71"
722,2023-06-10 04:06:00,GOOGL,Buy,276,331.8,91576.8,"$740,887.91"
723,2023-10-21 18:13:00,MSFT,Buy,188,852.07,160189.16,"$580,698.75"
724,2023-06-09 01:36:00,V,Buy,281,1714.51,481777.31,"$98,921.44"
725,2023-09-09 22:54:00,MSFT,Sell,188,3214.17,604263.96,"$703,185.40"
726,2023-09-09 22:54:00,GOOGL,Sell,276,3312.96,914376.96,"$1,617,562.36"
727,2023-09-09 22:54:00,TSLA,Sell,239,1411.98,337463.22,"$1,955,025.58"
728,2023-09-09 22:54:00,V,Sell,281,1936.81,544243.61,"$2,499,269.19"
729,2023-09-09 22:54:00,JPM,Sell,281,1936.81,544243.61,"$2,499,269.19"
726,2023-07-25 22:47:00,AAPL,Buy,476,1857.35,884098.6,"$1,615,170.59"
727,2023-11-21 10:40:00,JPM,Buy,32,1107.88,35452.16,"$1,579,718.43"
728,2023-03-01 23:05:00,MSFT,Buy,95,3403.54,323336.3,"$1,256,382.13"
729,2023-06-03 11:40:00,MSFT,Sell,95,798.97,75902.15,"$1,332,284.28"
730,2023-06-03 11:40:00,AMZN,Sell,95,798.97,75902.15,"$1,332,284.28"
730,2023-11-13 22:19:00,AAPL,Sell,476,180.76,86041.76,"$1,418,326.04"
731,2023-11-13 22:19:00,MSFT,Sell,47,256.059,12034.77,"$1,418,326.04"
731,2023-07-03 10:24:00,JPM,Sell,32,874.0,27968.0,"$1,446,294.04"
732,2023-07-03 10:24:00,JNJ,Sell,32,874.0,27968.0,"$1,446,294.04"
732,2023-10-10 13:21:00,JPM,Buy,332,1475.12,489739.84,"$956,554.20"
733,2023-10-11 15:02:00,MSFT,Sell,391,1881.9630000000002,735847.53,"$956,554.20"
734,2023-02-22 20:35:00,JPM,Sell,332,1085.44,360366.08,"$1,316,920.28"
735,2023-02-22 20:35:00,META,Sell,332,1085.44,360366.08,"$1,316,920.28"
735,2023-03-04 23:47:00,TSLA,Buy,401,3250.75,1303550.75,"$13,369.53"
736,2023-01-23 10:36:00,TSLA,Sell,401,563.7,226043.7,"$239,413.23"
737,2023-01-23 10:36:00,JPM,Sell,401,563.7,226043.7,"$239,413.23"
742,2023-04-14 17:35:00,GOOGL,Buy,104,850.68,88470.72,"$150,942.51"
743,2023-05-22 12:05:00,MSFT,Sell,394,2943.054,1159563.28,"$150,942.51"
744,2023-12-02 21:11:00,GOOGL,Sell,104,329.03,34219.12,"$185,161.63"
745,2023-12-02 21:11:00,JNJ,Sell,381,1866.6270000000002,711184.89,"$185,161.63"
745,2023-08-29 22:02:00,META,Buy,75,2382.4,178680.0,"$6,481.63"
746,2023-07-27 15:07:00,META,Sell,75,1180.47,88535.25,"$95,016.88"
747,2023-07-27 15:07:00,V,Sell,75,1180.47,88535.25,"$95,016.88"
748,2023-08-19 08:19:00,BRK.B,Buy,96,116.43,11177.28,"$83,839.60"
749,2023-06-11 07:26:00,BRK.B,Sell,96,3084.81,296141.76,"$379,981.36"
750,2023-06-11 07:26:00,BRK.B,Sell,96,3084.81,296141.76,"$379,981.36"
752,2023-04-12 22:42:00,JNJ,Buy,110,995.0,109450.0,"$270,531.36"
753,2023-02-25 16:16:00,MSFT,Sell,307,1861.4340000000002,571460.24,"$270,531.36"
754,2023-06-04 22:15:00,JNJ,Sell,110,2323.29,255561.9,"$526,093.26"
755,2023-06-04 22:15:00,AAPL,Sell,110,2323.29,255561.9,"$526,093.26"
755,2023-04-19 05:32:00,META,Buy,210,859.24,180440.4,"$345,652.86"
756,2023-07-31 21:34:00,META,Sell,210,407.88,85654.8,"$431,307.66"
757,2023-07-31 21:34:00,GOOGL,Sell,210,407.88,85654.8,"$431,307.66"
758,2023-05-01 18:19:00,JNJ,Buy,81,1617.15,130989.15,"$300,318.51"
759,2023-04-17 11:00:00,JNJ,Sell,81,843.98,68362.38,"$368,680.89"
760,2023-04-17 11:00:00,JPM,Sell,81,843.98,68362.38,"$368,680.89"
760,2023-02-15 18:34:00,TSLA,Buy,199,895.66,178236.34,"$190,444.55"
761,2023-09-21 01:19:00,BRK.B,Sell,342,1081.656,369926.35,"$190,444.55"
762,2023-07-19 03:40:00,TSLA,Sell,199,691.09,137526.91,"$327,971.46"
763,2023-07-19 03:40:00,TSLA,Sell,199,691.09,137526.91,"$327,971.46"
763,2023-09-24 00:01:00,V,Sell,138,1241.568,171336.38,"$327,971.46"
764,2023-06-12 07:26:00,JNJ,Buy,217,1299.85,282067.45,"$45,904.01"
766,2023-02-26 03:12:00,JNJ,Sell,217,610.82,132547.94,"$178,451.95"
767,2023-02-26 03:12:00,JNJ,Sell,217,610.82,132547.94,"$178,451.95"
769,2023-10-27 04:59:00,AAPL,Buy,134,246.69,33056.46,"$145,395.49"
770,2023-04-28 07:56:00,AAPL,Sell,134,665.56,89185.04,"$234,580.53"
771,2023-04-28 07:56:00,GOOGL,Sell,134,665.56,89185.04,"$234,580.53"
772,2023-01-14 13:24:00,TSLA,Buy,494,391.54,193420.76,"$41,159.77"
773,2023-12-10 06:32:00,TSLA,Sell,494,2081.0,1028014.0,"$1,069,173.77"
774,2023-12-10 06:32:00,JPM,Sell,494,2081.0,1028014.0,"$1,069,173.77"
774,2023-05-13 10:39:00,V,Buy,347,1836.74,637348.78,"$431,824.99"
775,2023-09-07 12:36:00,V,Sell,347,881.37,305835.39,"$737,660.38"
776,2023-09-07 12:36:00,JPM,Sell,347,881.37,305835.39,"$737,660.38"
776,2023-03-21 01:24:00,AAPL,Buy,113,1877.22,212125.86,"$525,534.52"
777,2023-11-02 16:26:00,AAPL,Sell,113,1717.96,194129.48,"$719,664.00"
778,2023-11-02 16:26:00,GOOGL,Sell,113,1717.96,194129.48,"$719,664.00"
778,2023-01-29 10:12:00,JNJ,Sell,347,488.808,169616.38,"$719,664.00"
779,2023-01-01 20:58:00,BRK.B,Buy,277,1530.33,423901.41,"$295,762.59"
780,2023-11-09 08:33:00,BRK.B,Sell,277,2102.76,582464.52,"$878,227.11"
781,2023-11-09 08:33:00,AMZN,Sell,277,2102.76,582464.52,"$878,227.11"
781,2023-03-13 03:43:00,BRK.B,Buy,78,965.36,75298.08,"$802,929.03"
782,2023-03-03 00:49:00,BRK.B,Sell,78,2511.11,195866.58,"$998,795.61"
783,2023-03-03 00:49:00,TSLA,Sell,78,2511.11,195866.58,"$998,795.61"
783,2023-01-06 04:19:00,V,Sell,345,718.578,247909.41,"$998,795.61"
784,2023-08-19 00:46:00,BRK.B,Buy,195,462.38,90164.1,"$908,631.51"
785,2023-07-04 16:33:00,TSLA,Buy,447,1922.76,859473.72,"$49,157.79"
786,2023-10-17 10:00:00,BRK.B,Sell,195,3460.93,674881.35,"$724,039.14"
787,2023-10-17 10:00:00,AMZN,Sell,195,3460.93,674881.35,"$724,039.14"
787,2023-09-08 18:03:00,BRK.B,Buy,386,569.43,219799.98,"$504,239.16"
788,2023-06-17 07:32:00,TSLA,Sell,447,650.1,290594.7,"$794,833.86"
789,2023-06-17 07:32:00,JPM,Sell,447,650.1,290594.7,"$794,833.86"
789,2023-09-04 10:37:00,BRK.B,Sell,386,3379.54,1304502.44,"$2,099,336.30"
790,2023-09-04 10:37:00,JNJ,Sell,386,3379.54,1304502.44,"$2,099,336.30"
790,2023-01-04 20:27:00,MSFT,Buy,431,594.12,256065.72,"$1,843,270.58"
791,2023-11-14 00:46:00,MSFT,Buy,42,994.51,41769.42,"$1,801,501.16"
792,2023-10-07 20:35:00,BRK.B,Buy,324,2331.0,755244.0,"$1,046,257.16"
793,2023-02-11 20:14:00,MSFT,Sell,473,136.42,64526.66,"$1,110,783.82"
794,2023-02-11 20:14:00,GOOGL,Sell,473,136.42,64526.66,"$1,110,783.82"
794,2023-07-28 06:19:00,BRK.B,Sell,324,1835.86,594818.64,"$1,705,602.46"
795,2023-07-28 06:19:00,AMZN,Sell,324,1835.86,594818.64,"$1,705,602.46"
795,2023-05-04 09:55:00,AAPL,Sell,90,355.743,32016.87,"$1,705,602.46"
796,2023-07-20 22:20:00,BRK.B,Buy,190,2376.85,451601.5,"$1,254,000.96"
797,2023-05-26 20:40:00,BRK.B,Sell,190,333.3,63327.0,"$1,317,327.96"
798,2023-05-26 20:40:00,JNJ,Sell,155,2311.983,358357.37,"$1,317,327.96"
798,2023-09-11 11:24:00,META,Buy,427,1040.13,444135.51,"$873,192.45"
799,2023-05-22 15:34:00,META,Sell,427,115.81,49450.87,"$922,643.32"
800,2023-05-22 15:34:00,JPM,Sell,427,115.81,49450.87,"$922,643.32"
800,2023-03-19 12:36:00,JNJ,Buy,47,1810.78,85106.66,"$837,536.66"
801,2023-03-27 04:52:00,JNJ,Buy,499,976.16,487103.84,"$350,432.82"
802,2023-07-02 03:32:00,JNJ,Sell,546,3368.21,1839042.66,"$2,189,475.48"
803,2023-07-02 03:32:00,JPM,Sell,546,3368.21,1839042.66,"$2,189,475.48"
803,2023-12-01 02:57:00,JPM,Sell,69,878.931,60646.24,"$2,189,475.48"
804,2023-10-06 15:41:00,AMZN,Buy,356,2484.0,884304.0,"$1,305,171.48"
805,2023-10-28 07:39:00,META,Buy,274,1921.22,526414.28,"$778,757.20"
806,2023-07-29 04:44:00,META,Sell,274,358.5,98229.0,"$876,986.20"
807,2023-07-29 04:44:00,MSFT,Sell,274,358.5,98229.0,"$876,986.20"
807,2023-12-14 00:24:00,AMZN,Sell,356,2050.62,730020.72,"$1,607,006.92"
808,2023-12-14 00:24:00,META,Sell,356,2050.62,730020.72,"$1,607,006.92"
808,2023-05-19 11:25:00,JPM,Buy,387,778.87,301422.69,"$1,305,584.23"
809,2023-07-13 06:17:00,AMZN,Buy,127,789.41,100255.07,"$1,205,329.16"
810,2023-04-24 14:13:00,MSFT,Buy,71,3228.64,229233.44,"$976,095.72"
811,2023-01-31 18:36:00,MSFT,Sell,71,1773.96,125951.16,"$1,102,046.88"
812,2023-01-31 18:36:00,JPM,Sell,71,1773.96,125951.16,"$1,102,046.88"
812,2023-12-24 09:26:00,JPM,Sell,387,2817.52,1090380.24,"$2,192,427.12"
813,2023-12-24 09:26:00,GOOGL,Sell,387,2817.52,1090380.24,"$2,192,427.12"
813,2023-12-15 07:14:00,JNJ,Buy,26,1808.42,47018.92,"$2,145,408.20"
814,2023-05-08 06:51:00,JPM,Sell,117,1251.054,146373.32,"$2,145,408.20"
815,2023-03-15 08:41:00,META,Buy,195,2183.45,425772.75,"$1,719,635.45"
816,2023-12-10 05:21:00,META,Sell,195,815.81,159082.95,"$1,878,718.40"
817,2023-12-10 05:21:00,V,Sell,195,815.81,159082.95,"$1,878,718.40"
817,2023-10-19 16:51:00,AMZN,Sell,127,545.87,69325.49,"$1,948,043.89"
818,2023-10-19 16:51:00,TSLA,Sell,127,545.87,69325.49,"$1,948,043.89"
818,2023-03-14 17:21:00,JNJ,Sell,26,1569.54,40808.04,"$1,988,851.93"
819,2023-03-14 17:21:00,TSLA,Sell,26,1569.54,40808.04,"$1,988,851.93"
819,2023-04-17 04:48:00,GOOGL,Buy,252,2839.27,715496.04,"$1,273,355.89"
820,2023-12-30 19:06:00,GOOGL,Sell,252,1857.82,468170.64,"$1,741,526.53"
821,2023-12-30 19:06:00,GOOGL,Sell,252,1857.82,468170.64,"$1,741,526.53"
821,2023-12-21 08:18:00,TSLA,Buy,138,2011.27,277555.26,"$1,463,971.27"
822,2023-10-18 02:34:00,TSLA,Sell,138,832.59,114897.42,"$1,578,868.69"
823,2023-10-18 02:34:00,MSFT,Sell,138,832.59,114897.42,"$1,578,868.69"
823,2023-03-12 02:59:00,JPM,Buy,391,1237.83,483991.53,"$1,094,877.16"
824,2023-07-07 15:53:00,META,Buy,20,1499.99,29999.8,"$1,064,877.36"
825,2023-05-25 21:02:00,V,Buy,304,2309.54,702100.16,"$362,777.20"
826,2023-08-25 17:21:00,JPM,Sell,391,366.59,143336.69,"$506,113.89"
827,2023-08-25 17:21:00,V,Sell,304,2186.46,664683.84,"$1,170,797.73"
828,2023-08-25 17:21:00,JNJ,Sell,304,2186.46,664683.84,"$1,170,797.73"
827,2023-04-16 11:24:00,META,Sell,20,1247.12,24942.4,"$1,195,740.13"
828,2023-04-16 11:24:00,GOOGL,Sell,20,1247.12,24942.4,"$1,195,740.13"
828,2023-10-22 17:54:00,MSFT,Buy,50,650.8,32540.0,"$1,163,200.13"
829,2023-08-19 17:50:00,TSLA,Buy,373,1009.41,376509.93,"$786,690.20"
830,2023-11-20 23:09:00,TSLA,Sell,373,2574.43,960262.39,"$1,746,952.59"
831,2023-11-20 23:09:00,META,Sell,373,2574.43,960262.39,"$1,746,952.59"
831,2023-07-03 05:51:00,MSFT,Sell,50,450.23,22511.5,"$1,769,464.09"
832,2023-07-03 05:51:00,MSFT,Sell,459,1537.947,705917.67,"$1,769,464.09"
832,2023-02-09 04:40:00,AAPL,Buy,404,1449.84,585735.36,"$1,183,728.73"
833,2023-03-02 14:55:00,AAPL,Sell,404,386.66,156210.64,"$1,339,939.37"
834,2023-03-02 14:55:00,MSFT,Sell,404,386.66,156210.64,"$1,339,939.37"
834,2023-10-11 21:03:00,TSLA,Buy,127,941.15,119526.05,"$1,220,413.32"
835,2023-04-03 01:12:00,TSLA,Sell,127,197.14,25036.78,"$1,245,450.10"
836,2023-04-03 01:12:00,GOOGL,Sell,127,197.14,25036.78,"$1,245,450.10"
836,2023-08-25 19:18:00,JPM,Buy,249,3414.94,850320.06,"$395,130.04"
837,2023-07-18 08:47:00,JNJ,Buy,237,559.39,132575.43,"$262,554.61"
838,2023-11-29 10:40:00,JPM,Sell,249,2274.4,566325.6,"$828,880.21"
839,2023-11-29 10:40:00,V,Sell,249,2274.4,566325.6,"$828,880.21"
839,2023-06-15 09:21:00,MSFT,Buy,236,1146.75,270633.0,"$558,247.21"
840,2023-01-08 16:28:00,JNJ,Sell,237,3235.1,766718.7,"$1,324,965.91"
841,2023-01-08 16:28:00,AAPL,Sell,237,3235.1,766718.7,"$1,324,965.91"
841,2023-12-14 09:21:00,TSLA,Buy,14,2703.96,37855.44,"$1,287,110.47"
842,2023-01-06 06:08:00,TSLA,Sell,14,1586.16,22206.24,"$1,309,316.71"
843,2023-01-06 06:08:00,JNJ,Sell,14,1586.16,22206.24,"$1,309,316.71"
843,2023-10-11 18:54:00,BRK.B,Buy,122,994.13,121283.86,"$1,188,032.85"
844,2023-07-17 23:11:00,TSLA,Buy,342,2625.95,898074.9,"$289,957.95"
845,2023-05-13 19:47:00,TSLA,Sell,342,1639.41,560678.22,"$850,636.17"
846,2023-05-13 19:47:00,GOOGL,Sell,342,1639.41,560678.22,"$850,636.17"
846,2023-08-22 11:39:00,BRK.B,Sell,122,732.19,89327.18,"$939,963.35"
847,2023-08-22 11:39:00,AAPL,Sell,122,732.19,89327.18,"$939,963.35"
847,2023-07-16 00:31:00,MSFT,Sell,236,127.89,30182.04,"$970,145.39"
848,2023-07-16 00:31:00,GOOGL,Sell,17,1600.353,27206.0,"$970,145.39"
848,2023-09-06 23:21:00,BRK.B,Buy,169,2771.47,468378.43,"$501,766.96"
849,2023-09-28 10:38:00,BRK.B,Sell,169,1222.85,206661.65,"$708,428.61"
850,2023-09-28 10:38:00,JPM,Sell,169,1222.85,206661.65,"$708,428.61"
850,2023-04-17 09:04:00,AAPL,Sell,250,645.705,161426.25,"$708,428.61"
851,2023-07-02 02:27:00,BRK.B,Buy,434,142.89,62014.26,"$646,414.35"
852,2023-07-01 06:55:00,BRK.B,Sell,434,777.21,337309.14,"$983,723.49"
853,2023-07-01 06:55:00,BRK.B,Sell,434,777.21,337309.14,"$983,723.49"
854,2023-08-16 06:30:00,META,Sell,489,1771.713,866367.66,"$983,723.49"
855,2023-03-30 22:34:00,TSLA,Buy,256,2270.97,581368.32,"$402,355.17"
856,2023-02-07 22:17:00,TSLA,Sell,256,1576.15,403494.4,"$805,849.57"
857,2023-02-07 22:17:00,AMZN,Sell,416,934.866,388904.26,"$805,849.57"
857,2023-03-29 03:01:00,BRK.B,Buy,414,926.5,383571.0,"$422,278.57"
858,2023-12-13 01:57:00,BRK.B,Sell,414,404.23,167351.22,"$589,629.79"
859,2023-12-13 01:57:00,V,Sell,414,404.23,167351.22,"$589,629.79"
860,2023-02-13 17:29:00,AAPL,Buy,192,2291.55,439977.6,"$149,652.19"
861,2023-03-20 04:48:00,AAPL,Sell,192,2672.77,513171.84,"$662,824.03"
862,2023-03-20 04:48:00,GOOGL,Sell,192,2672.77,513171.84,"$662,824.03"
862,2023-11-16 11:10:00,AMZN,Buy,20,2443.45,48869.0,"$613,955.03"
863,2023-04-09 02:36:00,TSLA,Buy,470,234.26,110102.2,"$503,852.83"
864,2023-12-23 20:58:00,AMZN,Sell,20,1282.06,25641.2,"$529,494.03"
865,2023-12-23 20:58:00,AMZN,Sell,20,1282.06,25641.2,"$529,494.03"
865,2023-04-27 18:12:00,MSFT,Buy,281,627.09,176212.29,"$353,281.74"
866,2023-09-25 07:45:00,JPM,Buy,10,2738.12,27381.2,"$325,900.54"
867,2023-09-23 02:40:00,MSFT,Sell,281,315.36,88616.16,"$414,516.70"
868,2023-09-23 02:40:00,V,Sell,281,315.36,88616.16,"$414,516.70"
868,2023-12-29 07:18:00,JPM,Sell,10,2279.07,22790.7,"$437,307.40"
869,2023-12-29 07:18:00,JNJ,Sell,10,2279.07,22790.7,"$437,307.40"
869,2023-02-18 13:18:00,AAPL,Sell,64,1575.234,100814.98,"$437,307.40"
870,2023-03-13 21:50:00,TSLA,Sell,470,2221.5,1044105.0,"$1,481,412.40"
871,2023-03-13 21:50:00,AAPL,Sell,470,2221.5,1044105.0,"$1,481,412.40"
871,2023-07-06 08:51:00,AAPL,Buy,197,850.46,167540.62,"$1,313,871.78"
872,2023-01-10 12:41:00,AMZN,Sell,420,2045.0880000000002,858936.96,"$1,313,871.78"
873,2023-09-20 19:38:00,JNJ,Buy,390,3290.03,1283111.7,"$30,760.08"
874,2023-02-12 10:52:00,JNJ,Sell,390,2937.15,1145488.5,"$1,176,248.58"
875,2023-02-12 10:52:00,V,Sell,120,3029.391,363526.92,"$1,176,248.58"
875,2023-03-12 17:16:00,MSFT,Buy,381,885.46,337360.26,"$838,888.32"
876,2023-07-01 03:26:00,AAPL,Sell,197,2705.36,532955.92,"$1,371,844.24"
877,2023-07-01 03:26:00,MSFT,Sell,381,2060.32,784981.92,"$2,156,826.16"
878,2023-07-01 03:26:00,V,Sell,381,2060.32,784981.92,"$2,156,826.16"
877,2023-12-01 00:43:00,BRK.B,Buy,462,453.95,209724.9,"$1,947,101.26"
878,2023-10-20 09:43:00,JNJ,Buy,182,2335.61,425081.02,"$1,522,020.24"
879,2023-09-14 13:18:00,JNJ,Sell,182,1363.85,248220.7,"$1,770,240.94"
880,2023-09-14 13:18:00,META,Sell,182,1363.85,248220.7,"$1,770,240.94"
880,2023-11-10 13:04:00,META,Buy,321,918.46,294825.66,"$1,475,415.28"
881,2023-07-05 00:31:00,META,Buy,241,1621.5,390781.5,"$1,084,633.78"
882,2023-01-12 20:54:00,META,Sell,562,1126.26,632958.12,"$1,717,591.90"
883,2023-01-12 20:54:00,JNJ,Sell,562,1126.26,632958.12,"$1,717,591.90"
883,2023-08-18 07:21:00,AAPL,Buy,405,2894.6,1172313.0,"$545,278.90"
884,2023-04-23 15:50:00,AAPL,Sell,405,630.76,255457.8,"$800,736.70"
885,2023-04-23 15:50:00,MSFT,Sell,405,630.76,255457.8,"$800,736.70"
885,2023-07-01 22:33:00,BRK.B,Sell,462,412.48,190565.76,"$991,302.46"
886,2023-07-01 22:33:00,AMZN,Sell,462,412.48,190565.76,"$991,302.46"
886,2023-06-08 07:59:00,MSFT,Buy,380,1203.95,457501.0,"$533,801.46"
887,2023-12-22 13:14:00,MSFT,Sell,380,2584.68,982178.4,"$1,515,979.86"
888,2023-12-22 13:14:00,V,Sell,380,2584.68,982178.4,"$1,515,979.86"
888,2023-10-05 20:00:00,MSFT,Buy,409,290.14,118667.26,"$1,397,312.60"
889,2023-09-11 08:31:00,BRK.B,Buy,223,3262.84,727613.32,"$669,699.28"
890,2023-01-09 07:49:00,MSFT,Sell,409,240.02,98168.18,"$767,867.46"
891,2023-01-09 07:49:00,BRK.B,Sell,223,1935.76,431674.48,"$1,199,541.94"
892,2023-01-09 07:49:00,BRK.B,Sell,223,1935.76,431674.48,"$1,199,541.94"
891,2023-06-10 18:42:00,GOOGL,Buy,35,2390.36,83662.6,"$1,115,879.34"
892,2023-11-21 11:42:00,GOOGL,Sell,35,855.09,29928.15,"$1,145,807.49"
893,2023-11-21 11:42:00,V,Sell,35,855.09,29928.15,"$1,145,807.49"
893,2023-10-15 03:17:00,GOOGL,Buy,77,1242.97,95708.69,"$1,050,098.80"
894,2023-02-05 21:46:00,JNJ,Buy,214,992.7,212437.8,"$837,661.00"
895,2023-04-05 22:28:00,GOOGL,Buy,256,2001.61,512412.16,"$325,248.84"
896,2023-06-29 07:27:00,GOOGL,Sell,333,1562.22,520219.26,"$845,468.10"
897,2023-06-29 07:27:00,AMZN,Sell,333,1562.22,520219.26,"$845,468.10"
897,2023-03-23 22:36:00,JNJ,Sell,214,747.67,160001.38,"$1,005,469.48"
898,2023-03-23 22:36:00,BRK.B,Sell,214,747.67,160001.38,"$1,005,469.48"
898,2023-01-18 15:02:00,TSLA,Buy,96,3458.02,331969.92,"$673,499.56"
899,2023-11-19 00:10:00,TSLA,Sell,96,3242.32,311262.72,"$984,762.28"
900,2023-11-19 00:10:00,V,Sell,96,3242.32,311262.72,"$984,762.28"
900,2023-09-30 04:59:00,GOOGL,Sell,388,256.887,99672.16,"$984,762.28"
901,2023-04-18 12:50:00,TSLA,Buy,17,1267.12,21541.04,"$963,221.24"
902,2023-08-11 04:19:00,TSLA,Sell,17,810.63,13780.71,"$977,001.95"
903,2023-08-11 04:19:00,JPM,Sell,17,810.63,13780.71,"$977,001.95"
903,2023-05-29 09:41:00,JNJ,Buy,277,2651.21,734385.17,"$242,616.78"
904,2023-04-13 22:13:00,JNJ,Sell,277,2356.0,652612.0,"$895,228.78"
905,2023-04-13 22:13:00,AAPL,Sell,97,273.933,26571.5,"$895,228.78"
905,2023-05-27 03:25:00,V,Buy,148,280.49,41512.52,"$853,716.26"
906,2023-01-07 01:39:00,MSFT,Buy,208,2345.27,487816.16,"$365,900.10"
907,2023-09-20 07:17:00,MSFT,Buy,19,1094.48,20795.12,"$345,104.98"
908,2023-03-14 12:42:00,MSFT,Sell,227,1907.31,432959.37,"$778,064.35"
909,2023-03-14 12:42:00,META,Sell,227,1907.31,432959.37,"$778,064.35"
909,2023-11-30 11:53:00,V,Sell,148,235.16,34803.68,"$812,868.03"
910,2023-11-30 11:53:00,JNJ,Sell,148,235.16,34803.68,"$812,868.03"
910,2023-08-11 00:59:00,META,Buy,260,1437.56,373765.6,"$439,102.43"
911,2023-09-10 12:25:00,META,Sell,260,903.1,234806.0,"$673,908.43"
912,2023-09-10 12:25:00,META,Sell,260,903.1,234806.0,"$673,908.43"
912,2024-01-01 00:00:00,TSLA,Buy,425,310.83,132102.75,"$541,805.68"
913,2023-10-09 22:17:00,TSLA,Sell,425,3150.4,1338920.0,"$1,880,725.68"
914,2023-10-09 22:17:00,AAPL,Sell,425,3150.4,1338920.0,"$1,880,725.68"
914,2023-04-10 22:48:00,MSFT,Buy,383,1399.5,536008.5,"$1,344,717.18"
915,2023-06-15 14:35:00,BRK.B,Buy,133,2047.86,272365.38,"$1,072,351.80"
916,2023-08-28 18:40:00,JPM,Buy,287,548.03,157284.61,"$915,067.19"
917,2023-05-28 07:37:00,GOOGL,Buy,168,2441.01,410089.68,"$504,977.51"
918,2023-04-16 16:43:00,MSFT,Sell,383,330.57,126608.31,"$631,585.82"
919,2023-04-16 16:43:00,GOOGL,Sell,168,1912.07,321227.76,"$952,813.58"
920,2023-04-16 16:43:00,V,Sell,168,1912.07,321227.76,"$952,813.58"
919,2023-04-16 23:11:00,AAPL,Buy,401,1183.54,474599.54,"$478,214.04"
920,2023-07-19 08:56:00,AAPL,Sell,401,547.26,219451.26,"$697,665.30"
921,2023-07-19 08:56:00,BRK.B,Sell,133,189.07,25146.31,"$722,811.61"
922,2023-07-19 08:56:00,GOOGL,Sell,133,189.07,25146.31,"$722,811.61"
921,2023-06-18 03:28:00,JPM,Sell,287,188.69,54154.03,"$776,965.64"
922,2023-06-18 03:28:00,V,Sell,409,1548.405,633297.65,"$776,965.64"
922,2023-12-08 08:14:00,META,Buy,104,2997.24,311712.96,"$465,252.68"
923,2023-04-11 03:12:00,META,Sell,104,1489.2,154876.8,"$620,129.48"
924,2023-04-11 03:12:00,GOOGL,Sell,104,1489.2,154876.8,"$620,129.48"
924,2023-07-16 12:07:00,BRK.B,Buy,123,2624.05,322758.15,"$297,371.33"
926,2023-08-25 13:57:00,BRK.B,Sell,123,1476.55,181615.65,"$478,986.98"
927,2023-08-25 13:57:00,JPM,Sell,386,2612.448,1008404.93,"$478,986.98"
928,2023-01-29 01:02:00,JNJ,Buy,65,1635.47,106305.55,"$372,681.43"
929,2023-01-31 21:16:00,AMZN,Sell,208,1669.347,347224.18,"$372,681.43"
930,2023-02-05 21:30:00,AMZN,Buy,159,1594.48,253522.32,"$119,159.11"
931,2023-07-28 04:43:00,JNJ,Sell,65,285.46,18554.9,"$137,714.01"
932,2023-07-28 04:43:00,JPM,Sell,65,285.46,18554.9,"$137,714.01"
932,2023-04-14 13:49:00,AMZN,Sell,159,407.5,64792.5,"$202,506.51"
933,2023-04-14 13:49:00,JPM,Sell,159,407.5,64792.5,"$202,506.51"
935,2023-05-28 01:01:00,JPM,Buy,56,950.28,53215.68,"$149,290.83"
936,2023-04-30 10:00:00,MSFT,Buy,56,488.16,27336.96,"$121,953.87"
937,2023-10-07 16:24:00,MSFT,Sell,56,3201.66,179292.96,"$301,246.83"
938,2023-10-07 16:24:00,JPM,Sell,56,2022.67,113269.52,"$414,516.35"
939,2023-10-07 16:24:00,JNJ,Sell,56,2022.67,113269.52,"$414,516.35"
938,2023-04-20 07:00:00,GOOGL,Buy,454,591.67,268618.18,"$145,898.17"
939,2023-02-07 08:42:00,GOOGL,Sell,454,2229.94,1012392.76,"$1,158,290.93"
940,2023-02-07 08:42:00,BRK.B,Sell,454,2229.94,1012392.76,"$1,158,290.93"
940,2023-03-27 14:24:00,GOOGL,Buy,113,112.01,12657.13,"$1,145,633.80"
941,2023-01-09 21:20:00,JPM,Sell,461,1600.011,737605.07,"$1,145,633.80"
942,2023-06-07 22:08:00,V,Sell,317,110.115,34906.46,"$1,145,633.80"
943,2023-07-22 12:22:00,V,Sell,85,258.49800000000005,21972.33,"$1,145,633.80"
944,2023-09-12 03:33:00,AAPL,Buy,84,3003.02,252253.68,"$893,380.12"
945,2023-08-06 07:38:00,AAPL,Sell,84,470.22,39498.48,"$932,878.60"
946,2023-08-06 07:38:00,META,Sell,84,470.22,39498.48,"$932,878.60"
946,2023-07-27 01:54:00,V,Buy,348,2451.15,853000.2,"$79,878.40"
947,2023-05-10 04:37:00,V,Sell,348,416.63,144987.24,"$224,865.64"
948,2023-05-10 04:37:00,JPM,Sell,348,416.63,144987.24,"$224,865.64"
948,2023-09-26 09:13:00,BRK.B,Buy,429,330.07,141600.03,"$83,265.61"
949,2023-08-02 05:37:00,JPM,Buy,78,514.88,40160.64,"$43,104.97"
950,2023-06-02 19:18:00,AMZN,Sell,380,2197.2780000000002,834965.64,"$43,104.97"
951,2023-07-29 02:57:00,GOOGL,Sell,113,2188.59,247310.67,"$290,415.64"
952,2023-07-29 02:57:00,BRK.B,Sell,429,1787.75,766944.75,"$1,057,360.39"
953,2023-07-29 02:57:00,JPM,Sell,78,2579.23,201179.94,"$1,258,540.33"
954,2023-07-29 02:57:00,BRK.B,Sell,78,2579.23,201179.94,"$1,258,540.33"
952,2023-12-29 10:39:00,JPM,Buy,423,711.68,301040.64,"$957,499.69"
953,2023-07-31 12:38:00,AMZN,Buy,10,501.9,5019.0,"$952,480.69"
954,2023-05-31 23:22:00,V,Buy,222,1507.74,334718.28,"$617,762.41"
955,2023-01-09 05:26:00,AMZN,Buy,363,1057.53,383883.39,"$233,879.02"
956,2023-01-05 11:09:00,JPM,Sell,423,2935.01,1241509.23,"$1,475,388.25"
957,2023-01-05 11:09:00,V,Sell,222,3235.75,718336.5,"$2,193,724.75"
958,2023-01-05 11:09:00,MSFT,Sell,222,3235.75,718336.5,"$2,193,724.75"
957,2023-12-15 21:01:00,AMZN,Sell,373,561.56,209461.88,"$2,403,186.63"
958,2023-12-15 21:01:00,JPM,Sell,373,561.56,209461.88,"$2,403,186.63"
958,2023-12-02 09:52:00,JNJ,Buy,468,1239.37,580025.16,"$1,823,161.47"
959,2023-10-29 10:21:00,AAPL,Buy,437,1871.65,817911.05,"$1,005,250.42"
960,2023-01-14 15:07:00,AMZN,Buy,305,2430.68,741357.4,"$263,893.02"
961,2023-04-19 17:17:00,AMZN,Sell,305,2230.14,680192.7,"$944,085.72"
962,2023-04-19 17:17:00,TSLA,Sell,305,2230.14,680192.7,"$944,085.72"
962,2023-10-11 16:09:00,JNJ,Sell,468,1148.16,537338.88,"$1,481,424.60"
963,2023-10-11 16:09:00,GOOGL,Sell,468,1148.16,537338.88,"$1,481,424.60"
963,2023-01-24 00:44:00,TSLA,Buy,221,395.11,87319.31,"$1,394,105.29"
964,2023-08-09 08:49:00,AAPL,Sell,437,481.59,210454.83,"$1,604,560.12"
965,2023-08-09 08:49:00,AMZN,Sell,437,481.59,210454.83,"$1,604,560.12"
965,2023-03-09 10:22:00,JPM,Buy,269,184.78,49705.82,"$1,554,854.30"
966,2023-05-19 12:11:00,META,Buy,482,1743.8,840511.6,"$714,342.70"
967,2023-03-13 13:04:00,META,Sell,482,224.28,108102.96,"$822,445.66"
968,2023-03-13 13:04:00,JNJ,Sell,482,224.28,108102.96,"$822,445.66"
968,2023-03-26 08:22:00,AAPL,Sell,249,2810.907,699915.84,"$822,445.66"
969,2023-03-17 01:51:00,TSLA,Sell,221,3133.26,692450.46,"$1,514,896.12"
970,2023-03-17 01:51:00,JPM,Sell,269,1190.99,320376.31,"$1,835,272.43"
971,2023-03-17 01:51:00,JNJ,Sell,269,1190.99,320376.31,"$1,835,272.43"
970,2023-05-21 04:58:00,TSLA,Buy,151,1909.74,288370.74,"$1,546,901.69"
971,2023-03-27 16:05:00,TSLA,Sell,151,489.17,73864.67,"$1,620,766.36"
972,2023-03-27 16:05:00,TSLA,Sell,151,489.17,73864.67,"$1,620,766.36"
972,2023-03-16 13:08:00,AMZN,Buy,287,1291.08,370539.96,"$1,250,226.40"
973,2023-04-14 01:53:00,AMZN,Sell,287,342.23,98220.01,"$1,348,446.41"
974,2023-04-14 01:53:00,TSLA,Sell,287,342.23,98220.01,"$1,348,446.41"
974,2023-09-04 15:53:00,JNJ,Sell,472,2157.021,1018113.91,"$1,348,446.41"
975,2023-03-19 03:12:00,BRK.B,Buy,37,392.81,14533.97,"$1,333,912.44"
976,2023-11-21 15:33:00,V,Buy,192,1162.3,223161.6,"$1,110,750.84"
977,2023-02-27 04:41:00,JPM,Buy,300,548.1,164430.0,"$946,320.84"
978,2023-11-28 17:54:00,TSLA,Buy,360,2291.02,824767.2,"$121,553.64"
979,2023-07-07 21:47:00,BRK.B,Sell,37,483.82,17901.34,"$139,454.98"
980,2023-07-07 21:47:00,JPM,Sell,300,1727.42,518226.0,"$657,680.98"
981,2023-07-07 21:47:00,V,Sell,192,2975.61,571317.12,"$1,228,998.10"
982,2023-07-07 21:47:00,META,Sell,192,2975.61,571317.12,"$1,228,998.10"
980,2023-07-25 12:48:00,TSLA,Sell,360,1827.03,657730.8,"$1,886,728.90"
981,2023-07-25 12:48:00,META,Sell,360,1827.03,657730.8,"$1,886,728.90"
981,2023-03-19 21:38:00,META,Buy,294,2308.13,678590.22,"$1,208,138.68"
982,2023-12-02 16:07:00,BRK.B,Buy,312,1505.7,469778.4,"$738,360.28"
983,2023-12-18 06:06:00,BRK.B,Buy,43,1258.43,54112.49,"$684,247.79"
984,2023-11-14 00:21:00,BRK.B,Sell,355,688.49,244413.95,"$928,661.74"
985,2023-11-14 00:21:00,V,Sell,355,688.49,244413.95,"$928,661.74"
985,2023-12-21 08:28:00,META,Sell,294,1206.29,354649.26,"$1,283,311.00"
986,2023-12-21 08:28:00,MSFT,Sell,237,629.091,149094.57,"$1,283,311.00"
986,2023-10-23 11:45:00,MSFT,Buy,316,469.73,148434.68,"$1,134,876.32"
987,2023-10-03 21:56:00,MSFT,Sell,316,309.04,97656.64,"$1,232,532.96"
988,2023-10-03 21:56:00,META,Sell,316,309.04,97656.64,"$1,232,532.96"
989,2023-04-17 20:12:00,GOOGL,Buy,241,1906.27,459411.07,"$773,121.89"
990,2023-11-22 14:41:00,GOOGL,Sell,241,1176.43,283519.63,"$1,056,641.52"
991,2023-11-22 14:41:00,AMZN,Sell,241,1176.43,283519.63,"$1,056,641.52"
992,2023-03-07 00:24:00,V,Buy,14,2179.07,30506.98,"$1,026,134.54"
993,2023-04-03 21:11:00,V,Sell,14,1966.21,27526.94,"$1,053,661.48"
994,2023-04-03 21:11:00,TSLA,Sell,370,1803.69,667365.3,"$1,053,661.48"
994,2023-09-19 14:15:00,MSFT,Sell,231,2238.795,517161.65,"$1,053,661.48"
995,2023-10-15 02:20:00,META,Buy,374,1401.48,524153.52,"$529,507.96"
996,2023-06-03 19:16:00,GOOGL,Buy,253,572.83,144925.99,"$384,581.97"
997,2023-09-20 08:29:00,META,Sell,374,526.87,197049.38,"$581,631.35"
998,2023-09-20 08:29:00,BRK.B,Sell,341,138.069,47081.53,"$581,631.35"
998,2023-12-21 09:43:00,BRK.B,Buy,79,387.86,30640.94,"$550,990.41"
999,2023-11-29 01:40:00,GOOGL,Sell,253,1630.16,412430.48,"$963,420.89"
1000,2023-11-29 01:40:00,BRK.B,Sell,79,1308.04,103335.16,"$1,066,756.05"
1001,2023-11-29 01:40:00,V,Sell,79,1308.04,103335.16,"$1,066,756.05"
1000,2023-05-16 06:56:00,BRK.B,Buy,319,125.26,39957.94,"$1,026,798.11"
